-- MySQL dump 10.13  Distrib 8.0.21, for Linux (x86_64)
--
-- Host: localhost    Database: vk
-- ------------------------------------------------------
-- Server version	8.0.21

/*!40101 SET @OLD_CHARACTER_SET_CLIENT=@@CHARACTER_SET_CLIENT */;
/*!40101 SET @OLD_CHARACTER_SET_RESULTS=@@CHARACTER_SET_RESULTS */;
/*!40101 SET @OLD_COLLATION_CONNECTION=@@COLLATION_CONNECTION */;
/*!50503 SET NAMES utf8mb4 */;
/*!40103 SET @OLD_TIME_ZONE=@@TIME_ZONE */;
/*!40103 SET TIME_ZONE='+00:00' */;
/*!40014 SET @OLD_UNIQUE_CHECKS=@@UNIQUE_CHECKS, UNIQUE_CHECKS=0 */;
/*!40014 SET @OLD_FOREIGN_KEY_CHECKS=@@FOREIGN_KEY_CHECKS, FOREIGN_KEY_CHECKS=0 */;
/*!40101 SET @OLD_SQL_MODE=@@SQL_MODE, SQL_MODE='NO_AUTO_VALUE_ON_ZERO' */;
/*!40111 SET @OLD_SQL_NOTES=@@SQL_NOTES, SQL_NOTES=0 */;

--
-- Table structure for table `communities`
--

DROP TABLE IF EXISTS `communities`;
/*!40101 SET @saved_cs_client     = @@character_set_client */;
/*!50503 SET character_set_client = utf8mb4 */;
CREATE TABLE `communities` (
  `id` int unsigned NOT NULL AUTO_INCREMENT COMMENT 'Идентификатор строки',
  `name` varchar(150) CHARACTER SET utf8 COLLATE utf8_unicode_ci NOT NULL COMMENT 'Название группы',
  `created_at` datetime DEFAULT CURRENT_TIMESTAMP COMMENT 'Время создания строки',
  `updated_at` datetime DEFAULT CURRENT_TIMESTAMP ON UPDATE CURRENT_TIMESTAMP COMMENT 'Время обновления строки',
  PRIMARY KEY (`id`),
  UNIQUE KEY `name` (`name`)
) ENGINE=InnoDB AUTO_INCREMENT=101 DEFAULT CHARSET=utf8 COLLATE=utf8_unicode_ci COMMENT='Группы';
/*!40101 SET character_set_client = @saved_cs_client */;

--
-- Dumping data for table `communities`
--

LOCK TABLES `communities` WRITE;
/*!40000 ALTER TABLE `communities` DISABLE KEYS */;
INSERT INTO `communities` VALUES (1,'in','2012-04-14 08:39:59','2020-01-31 10:33:29'),(2,'doloribus','2012-04-09 05:11:42','2019-08-19 01:51:02'),(3,'debitis','2011-01-27 16:01:52','2020-03-01 01:16:29'),(4,'doloremque','2011-10-22 17:49:10','2020-01-04 03:52:21'),(5,'ea','2018-06-19 21:33:06','2020-01-21 22:35:09'),(6,'harum','2016-11-05 11:38:41','2020-03-06 21:05:15'),(7,'voluptatem','2018-03-28 08:46:45','2020-04-03 11:34:43'),(8,'veniam','2014-06-09 21:29:26','2019-09-15 18:30:28'),(9,'iure','2012-02-20 00:59:27','2020-04-14 02:19:05'),(10,'impedit','2020-06-01 22:17:02','2019-10-19 15:15:06'),(11,'nihil','2015-08-01 13:14:25','2020-04-16 20:33:59'),(12,'cupiditate','2020-01-04 20:42:01','2020-04-07 17:57:44'),(13,'ipsum','2019-02-07 14:25:14','2019-10-16 06:57:49'),(14,'quibusdam','2018-01-13 13:54:31','2020-05-09 16:11:23'),(15,'consequatur','2013-11-12 16:19:27','2019-11-21 11:38:11'),(16,'alias','2011-03-28 09:24:08','2020-03-10 12:54:10'),(17,'commodi','2010-12-13 19:43:31','2020-05-08 13:57:27'),(18,'soluta','2016-05-15 04:12:28','2020-05-05 19:25:58'),(19,'fuga','2020-04-20 09:01:08','2019-10-26 08:11:54'),(20,'occaecati','2014-06-11 15:38:56','2020-08-10 07:04:00');
/*!40000 ALTER TABLE `communities` ENABLE KEYS */;
UNLOCK TABLES;

--
-- Table structure for table `communities_users`
--

DROP TABLE IF EXISTS `communities_users`;
/*!40101 SET @saved_cs_client     = @@character_set_client */;
/*!50503 SET character_set_client = utf8mb4 */;
CREATE TABLE `communities_users` (
  `community_id` int unsigned NOT NULL COMMENT 'Ссылка на группу',
  `user_id` int unsigned NOT NULL COMMENT 'Ссылка на пользователя',
  `created_at` datetime DEFAULT CURRENT_TIMESTAMP COMMENT 'Время создания строки',
  PRIMARY KEY (`community_id`,`user_id`) COMMENT 'Составной первичный ключ'
) ENGINE=InnoDB DEFAULT CHARSET=utf8 COLLATE=utf8_unicode_ci COMMENT='Участники групп, связь между пользователями и группами';
/*!40101 SET character_set_client = @saved_cs_client */;

--
-- Dumping data for table `communities_users`
--

LOCK TABLES `communities_users` WRITE;
/*!40000 ALTER TABLE `communities_users` DISABLE KEYS */;
INSERT INTO `communities_users` VALUES (1,19,'2016-11-23 06:11:09'),(1,61,'2013-10-04 19:51:21'),(1,77,'2012-01-28 18:38:51'),(2,43,'2017-11-03 00:01:44'),(2,45,'2019-11-09 15:26:44'),(2,67,'2013-11-29 00:45:48'),(2,79,'2018-11-11 21:10:36'),(3,3,'2017-01-19 06:42:34'),(3,16,'2018-01-21 04:17:21'),(3,51,'2012-01-07 10:27:36'),(3,80,'2019-03-14 21:13:24'),(3,82,'2011-09-26 15:41:00'),(3,87,'2013-02-05 04:26:49'),(3,94,'2012-11-28 19:54:28'),(4,20,'2019-02-07 14:22:26'),(4,24,'2020-05-27 08:59:19'),(4,35,'2014-11-25 02:51:07'),(4,42,'2014-01-20 13:08:04'),(5,85,'2010-08-18 09:47:24'),(5,98,'2010-10-06 22:57:53'),(6,27,'2018-08-30 18:11:27'),(6,31,'2012-06-29 06:05:44'),(6,41,'2016-01-04 16:42:21'),(6,70,'2015-03-06 14:21:53'),(6,81,'2013-06-02 07:48:20'),(6,93,'2019-03-26 14:37:25'),(7,47,'2018-04-17 14:16:23'),(7,63,'2010-11-30 18:11:34'),(7,71,'2016-09-18 12:46:49'),(7,89,'2020-01-13 02:36:30'),(8,23,'2015-10-16 20:52:06'),(8,33,'2013-09-16 21:01:28'),(8,40,'2017-12-11 05:14:20'),(8,52,'2020-06-25 03:40:07'),(8,53,'2011-01-13 20:59:28'),(8,68,'2019-11-16 12:32:04'),(8,74,'2010-12-29 03:40:35'),(8,90,'2017-11-08 18:08:27'),(8,92,'2015-06-23 06:45:46'),(9,9,'2012-09-22 05:24:44'),(9,12,'2011-05-08 18:38:27'),(9,13,'2014-11-20 00:59:27'),(9,32,'2013-12-19 21:50:24'),(9,34,'2012-03-08 17:28:50'),(9,78,'2013-09-27 00:03:15'),(10,5,'2012-02-16 04:26:18'),(10,6,'2018-08-06 19:04:04'),(10,8,'2016-09-14 05:36:22'),(10,58,'2012-08-06 18:08:12'),(11,11,'2018-05-06 22:54:03'),(11,26,'2013-07-15 10:19:11'),(11,37,'2015-10-16 10:20:48'),(12,2,'2011-12-02 10:24:09'),(12,48,'2010-11-10 02:25:11'),(12,57,'2020-05-22 05:29:15'),(12,64,'2020-05-15 19:04:33'),(13,30,'2017-03-23 14:30:22'),(13,36,'2019-10-09 23:52:54'),(13,59,'2012-04-04 18:34:43'),(13,96,'2016-11-23 17:37:44'),(14,18,'2017-03-02 23:22:44'),(14,21,'2017-05-17 13:54:57'),(14,38,'2013-11-15 05:10:00'),(14,46,'2010-10-08 05:53:31'),(14,62,'2018-07-08 11:33:31'),(14,69,'2018-09-25 11:24:10'),(15,72,'2010-10-03 23:49:47'),(15,73,'2018-02-03 21:04:29'),(15,84,'2014-03-14 04:39:34'),(15,88,'2014-04-15 05:56:00'),(15,99,'2011-05-14 17:20:33'),(16,10,'2016-08-12 08:22:24'),(16,28,'2012-07-24 15:26:37'),(16,50,'2016-07-18 22:55:51'),(16,54,'2012-07-18 10:05:30'),(16,60,'2019-11-30 16:11:39'),(16,95,'2014-12-09 02:40:38'),(17,14,'2014-08-31 07:29:51'),(17,17,'2020-03-19 09:27:44'),(17,25,'2019-04-21 03:58:59'),(17,55,'2018-05-05 01:11:57'),(17,56,'2019-08-08 02:01:21'),(17,75,'2012-07-10 13:39:31'),(17,83,'2011-02-05 18:58:09'),(17,97,'2017-03-19 23:09:21'),(18,22,'2010-09-08 08:23:55'),(18,39,'2014-02-10 23:01:07'),(18,44,'2014-03-26 04:26:30'),(18,76,'2018-05-29 19:00:20'),(19,1,'2017-11-21 16:09:13'),(19,15,'2012-05-29 21:25:58'),(19,49,'2013-09-28 21:42:02'),(19,65,'2020-02-10 19:32:58'),(19,91,'2010-08-17 18:09:12'),(19,100,'2019-11-06 19:57:41'),(20,4,'2020-04-01 00:48:25'),(20,7,'2019-03-22 14:12:18'),(20,29,'2012-08-23 20:23:13'),(20,66,'2015-07-23 22:32:25'),(20,86,'2015-08-07 18:01:24');
/*!40000 ALTER TABLE `communities_users` ENABLE KEYS */;
UNLOCK TABLES;

--
-- Table structure for table `friendship`
--

DROP TABLE IF EXISTS `friendship`;
/*!40101 SET @saved_cs_client     = @@character_set_client */;
/*!50503 SET character_set_client = utf8mb4 */;
CREATE TABLE `friendship` (
  `user_id` int unsigned NOT NULL COMMENT 'Ссылка на инициатора дружеских отношений',
  `friend_id` int unsigned NOT NULL COMMENT 'Ссылка на получателя приглашения дружить',
  `status_id` int unsigned NOT NULL COMMENT 'Ссылка на статус (текущее состояние) отношений',
  `requested_at` datetime DEFAULT CURRENT_TIMESTAMP COMMENT 'Время отправления приглашения дружить',
  `confirmed_at` datetime DEFAULT NULL COMMENT 'Время подтверждения приглашения',
  `created_at` datetime DEFAULT CURRENT_TIMESTAMP COMMENT 'Время создания строки',
  `updated_at` datetime DEFAULT CURRENT_TIMESTAMP ON UPDATE CURRENT_TIMESTAMP COMMENT 'Время обновления строки',
  PRIMARY KEY (`user_id`,`friend_id`) COMMENT 'Составной первичный ключ'
) ENGINE=InnoDB DEFAULT CHARSET=utf8 COLLATE=utf8_unicode_ci COMMENT='Таблица дружбы';
/*!40101 SET character_set_client = @saved_cs_client */;

--
-- Dumping data for table `friendship`
--

LOCK TABLES `friendship` WRITE;
/*!40000 ALTER TABLE `friendship` DISABLE KEYS */;
INSERT INTO `friendship` VALUES (2,22,3,'2019-06-01 12:53:09','2019-03-30 03:33:43','2017-09-30 12:33:18','2020-08-31 16:21:17'),(2,44,3,'2012-02-26 17:17:35','2011-08-18 12:46:44','2011-08-14 06:30:45','2020-08-31 16:23:23'),(3,51,3,'2019-02-06 00:07:38','2016-02-08 07:55:32','2010-12-19 12:51:13','2020-08-31 16:23:23'),(3,65,1,'2015-07-29 22:23:01','2016-03-18 02:09:06','2018-06-24 13:44:40','2020-08-31 16:23:23'),(4,80,3,'2013-11-24 19:15:01','2015-11-14 06:27:01','2017-05-08 02:43:24','2020-08-31 16:23:23'),(4,90,3,'2019-03-07 12:25:51','2012-08-23 16:06:33','2012-12-17 00:54:29','2020-08-31 16:23:23'),(7,2,2,'2018-04-10 12:40:15','2014-04-02 02:36:51','2013-03-21 21:32:54','2020-08-31 16:23:23'),(8,43,1,'2017-08-30 01:39:44','2016-11-24 21:48:52','2012-11-25 21:21:19','2020-08-31 16:23:23'),(10,74,2,'2012-11-04 17:27:25','2018-10-04 11:04:15','2014-05-28 16:13:14','2020-08-31 16:23:23'),(11,97,3,'2015-04-18 05:32:34','2014-05-27 13:36:07','2012-12-08 17:41:28','2020-08-31 16:21:17'),(13,32,1,'2011-11-06 20:41:40','2011-01-21 08:45:06','2020-02-24 10:34:03','2020-08-31 16:21:17'),(14,61,2,'2014-05-13 21:18:11','2020-03-16 02:10:51','2013-02-18 13:04:12','2020-08-31 16:23:23'),(16,29,3,'2013-04-30 04:00:39','2017-05-27 14:44:59','2012-01-19 11:19:45','2020-08-31 16:23:23'),(16,85,1,'2011-09-16 16:04:12','2016-07-22 08:26:54','2013-10-14 16:37:50','2020-08-31 16:23:23'),(17,32,3,'2016-06-09 07:25:54','2018-09-20 22:40:16','2015-01-02 06:39:18','2020-08-31 16:21:17'),(17,41,1,'2011-07-18 14:11:42','2014-06-26 01:44:48','2018-08-03 16:45:31','2020-08-31 16:23:23'),(18,60,3,'2013-12-25 18:59:51','2020-02-23 21:19:49','2016-01-25 06:19:37','2020-08-31 16:21:17'),(19,44,3,'2011-02-25 04:00:58','2020-03-13 18:59:51','2016-05-27 09:34:07','2020-08-31 16:21:17'),(23,17,3,'2012-03-29 20:47:26','2017-04-09 16:29:46','2016-07-16 22:05:10','2020-08-31 16:23:23'),(23,41,1,'2010-10-12 07:43:10','2011-10-23 06:35:03','2014-12-21 09:22:31','2020-08-31 16:23:23'),(24,11,3,'2013-01-10 12:13:44','2018-03-10 17:50:10','2014-05-14 11:09:33','2020-08-31 16:23:23'),(26,6,2,'2019-03-21 11:35:52','2015-11-22 04:06:45','2011-11-06 10:12:43','2020-08-31 16:21:17'),(26,7,3,'2011-03-31 10:33:46','2014-10-07 21:50:12','2014-12-10 10:57:14','2020-08-31 16:23:23'),(26,77,3,'2014-02-08 01:38:39','2015-06-11 14:52:54','2010-12-08 11:07:19','2020-08-31 16:21:17'),(27,17,2,'2011-08-11 10:47:37','2013-07-02 04:06:45','2013-04-02 01:03:34','2020-08-31 16:21:17'),(30,98,2,'2015-12-30 16:38:14','2015-06-25 23:24:31','2015-07-24 17:27:09','2020-08-31 16:23:23'),(31,83,2,'2014-08-27 03:14:16','2013-11-10 08:26:58','2018-06-10 07:20:00','2020-08-31 16:21:17'),(36,55,2,'2013-12-03 21:51:11','2019-06-10 02:42:35','2011-01-13 05:34:51','2020-08-31 16:23:23'),(37,71,3,'2013-02-25 05:52:16','2013-12-10 20:03:15','2014-04-25 05:21:53','2020-08-31 16:21:17'),(39,23,1,'2011-06-12 21:33:47','2018-12-12 23:02:50','2014-06-01 05:01:36','2020-08-31 16:21:17'),(40,78,3,'2020-06-15 06:35:59','2012-09-30 07:24:38','2018-01-03 18:39:26','2020-08-31 16:23:23'),(42,39,2,'2020-05-27 06:51:11','2015-12-30 05:13:21','2016-04-21 15:06:32','2020-08-31 16:21:17'),(42,91,3,'2017-04-03 00:51:58','2020-07-30 12:26:23','2016-10-20 12:18:30','2020-08-31 16:23:23'),(42,96,3,'2015-04-09 20:06:24','2015-09-08 17:57:07','2018-12-16 15:51:46','2020-08-31 16:23:23'),(45,43,1,'2013-12-15 19:20:54','2019-07-03 22:12:27','2020-02-09 17:44:00','2020-08-31 16:23:23'),(46,38,2,'2019-10-21 23:52:41','2016-11-18 06:27:16','2015-09-12 21:18:14','2020-08-31 16:23:23'),(46,51,2,'2011-06-09 08:21:36','2014-06-11 06:22:16','2016-07-22 16:26:15','2020-08-31 16:23:23'),(48,86,3,'2011-11-30 12:36:36','2015-12-14 13:26:28','2016-10-22 21:24:48','2020-08-31 16:23:23'),(49,30,3,'2012-05-03 20:41:38','2011-08-12 13:18:44','2016-01-02 23:43:07','2020-08-31 16:23:23'),(50,59,1,'2019-03-20 09:09:52','2012-08-11 21:00:08','2012-08-27 21:07:57','2020-08-31 16:23:23'),(51,39,2,'2011-12-26 16:22:26','2013-03-09 08:37:52','2012-12-02 23:50:43','2020-08-31 16:23:23'),(52,36,2,'2020-04-12 15:40:29','2016-07-09 05:45:01','2011-09-27 22:41:58','2020-08-31 16:23:23'),(54,11,1,'2020-02-07 16:39:46','2020-05-20 11:09:38','2017-04-30 10:46:53','2020-08-31 16:23:23'),(54,29,1,'2017-05-27 09:25:53','2018-06-11 13:58:15','2011-04-23 01:20:13','2020-08-31 16:23:23'),(54,51,3,'2020-07-03 16:38:19','2017-05-24 17:27:53','2018-12-20 18:39:30','2020-08-31 16:21:17'),(54,76,2,'2017-08-18 20:44:34','2019-01-04 22:36:50','2012-12-15 19:35:20','2020-08-31 16:21:17'),(54,90,2,'2013-02-08 21:08:14','2015-06-05 17:31:07','2014-05-02 08:08:52','2020-08-31 16:21:17'),(54,92,2,'2015-08-07 04:38:24','2017-03-08 15:11:12','2016-07-30 04:58:26','2020-08-31 16:21:17'),(55,36,1,'2013-10-09 10:08:16','2015-09-16 18:55:05','2015-04-07 03:42:24','2020-08-31 16:23:23'),(55,85,2,'2012-08-16 15:00:21','2013-05-10 09:52:12','2014-07-19 10:44:17','2020-08-31 16:23:23'),(57,47,3,'2019-04-19 11:27:48','2013-11-27 00:30:45','2015-08-23 18:32:06','2020-08-31 16:23:23'),(58,69,2,'2012-11-12 13:16:23','2011-10-14 08:27:49','2010-10-17 08:28:10','2020-08-31 16:23:23'),(58,73,3,'2014-04-08 06:50:05','2016-01-01 10:16:27','2011-02-04 17:42:48','2020-08-31 16:23:23'),(59,24,3,'2018-03-26 05:10:13','2011-01-31 11:31:45','2011-01-02 15:33:06','2020-08-31 16:23:23'),(59,49,2,'2013-06-22 07:55:29','2013-10-21 09:02:19','2013-03-30 10:02:56','2020-08-31 16:23:23'),(61,58,3,'2020-04-20 00:10:37','2018-09-06 20:32:12','2014-06-12 17:56:58','2020-08-31 16:21:17'),(62,53,2,'2012-04-16 14:26:31','2017-01-08 17:48:40','2016-04-01 20:05:29','2020-08-31 16:21:17'),(64,37,1,'2020-04-22 17:43:04','2016-09-20 22:58:30','2018-03-13 06:13:42','2020-08-31 16:21:17'),(65,76,1,'2014-07-18 01:40:21','2013-05-27 17:14:24','2010-08-19 09:10:58','2020-08-31 16:23:23'),(65,80,3,'2011-11-24 06:42:33','2018-05-29 14:34:29','2015-04-29 09:00:23','2020-08-31 16:21:17'),(65,91,2,'2013-04-04 06:22:35','2016-12-20 13:06:27','2013-05-09 05:56:35','2020-08-31 16:23:23'),(66,13,3,'2017-04-26 09:39:22','2015-04-20 03:59:28','2014-03-04 22:27:59','2020-08-31 16:21:17'),(66,85,2,'2013-05-09 14:49:07','2011-04-13 20:02:52','2011-08-15 02:52:01','2020-08-31 16:21:17'),(67,60,1,'2014-01-26 22:26:52','2014-05-18 20:23:22','2012-12-28 03:21:43','2020-08-31 16:23:23'),(68,100,2,'2011-01-18 15:00:08','2013-01-18 14:38:20','2019-03-16 05:29:25','2020-08-31 16:23:23'),(70,13,3,'2020-07-16 00:36:48','2016-03-02 09:41:07','2018-04-08 09:14:05','2020-08-31 16:23:23'),(70,44,3,'2020-03-22 21:07:45','2014-03-06 03:27:00','2010-11-29 15:36:36','2020-08-31 16:23:23'),(76,22,3,'2015-12-11 19:35:03','2016-09-09 10:35:14','2015-06-27 04:02:19','2020-08-31 16:23:23'),(80,38,3,'2017-12-14 11:19:34','2018-06-23 17:04:43','2017-06-14 11:03:18','2020-08-31 16:21:17'),(81,20,3,'2012-08-24 11:43:33','2020-02-22 03:22:47','2013-04-19 06:05:11','2020-08-31 16:21:17'),(81,74,2,'2014-09-17 06:47:30','2018-12-25 13:04:14','2010-12-20 02:27:27','2020-08-31 16:23:23'),(81,98,2,'2011-02-07 10:24:59','2015-04-16 02:19:45','2018-11-06 23:19:02','2020-08-31 16:23:23'),(82,80,1,'2018-06-25 16:06:32','2017-04-15 18:30:19','2013-03-01 07:28:46','2020-08-31 16:21:17'),(82,81,1,'2013-05-29 20:53:32','2016-04-29 06:28:24','2017-02-07 19:54:14','2020-08-31 16:23:23'),(83,9,2,'2018-06-11 18:51:07','2011-07-29 04:04:12','2017-08-20 01:30:55','2020-08-31 16:23:23'),(84,17,1,'2016-01-15 01:20:53','2014-06-13 10:01:53','2011-03-12 01:21:27','2020-08-31 16:23:23'),(84,50,1,'2018-02-18 12:52:26','2014-03-15 01:52:12','2014-08-11 05:57:37','2020-08-31 16:23:23'),(84,53,3,'2016-06-25 16:48:14','2014-09-11 15:58:27','2016-07-04 01:03:23','2020-08-31 16:23:23'),(85,68,3,'2017-02-07 17:13:07','2017-03-17 01:10:11','2010-11-15 05:32:10','2020-08-31 16:23:23'),(86,91,1,'2013-04-25 22:42:45','2019-05-13 20:37:09','2018-11-02 03:04:42','2020-08-31 16:21:17'),(88,9,2,'2017-10-06 10:37:22','2012-07-23 15:11:37','2017-12-20 02:22:03','2020-08-31 16:23:23'),(88,69,1,'2015-09-13 18:17:13','2020-05-09 10:30:53','2013-02-20 15:51:20','2020-08-31 16:23:23'),(89,90,1,'2019-07-14 19:37:46','2019-07-30 08:24:34','2011-01-16 09:10:45','2020-08-31 16:23:23'),(90,6,2,'2014-05-13 22:32:09','2019-11-23 22:46:36','2016-12-10 20:55:55','2020-08-31 16:23:23'),(90,65,1,'2016-06-13 17:22:33','2011-09-27 12:59:26','2013-04-15 22:06:53','2020-08-31 16:21:17'),(91,25,1,'2014-04-15 13:08:58','2019-12-15 10:41:34','2013-07-13 16:53:57','2020-08-31 16:21:17'),(91,46,3,'2015-12-23 23:41:25','2017-11-14 10:25:31','2011-12-30 21:33:15','2020-08-31 16:23:23'),(92,26,2,'2019-05-29 08:39:21','2019-05-08 07:03:12','2011-12-14 00:19:10','2020-08-31 16:23:23'),(92,41,2,'2012-05-26 07:23:56','2011-04-13 22:11:14','2016-04-10 07:34:24','2020-08-31 16:23:23'),(92,48,2,'2012-12-08 06:42:26','2015-07-06 19:16:55','2014-07-12 15:32:46','2020-08-31 16:21:17'),(94,14,2,'2014-07-14 09:05:57','2010-12-08 20:35:47','2015-03-29 16:11:44','2020-08-31 16:23:23'),(95,49,2,'2018-04-29 20:28:33','2011-10-05 04:28:59','2020-04-16 00:07:12','2020-08-31 16:21:17'),(96,5,3,'2017-05-25 06:46:31','2014-09-08 20:47:20','2011-04-06 04:04:56','2020-08-31 16:23:23'),(96,91,1,'2012-07-24 02:48:32','2019-02-20 13:49:09','2012-09-30 03:10:57','2020-08-31 16:23:23'),(97,35,1,'2013-05-04 20:29:54','2018-02-27 08:10:28','2016-11-30 11:23:57','2020-08-31 16:23:23'),(97,81,1,'2016-11-01 04:47:32','2018-01-30 17:31:38','2020-06-06 11:59:00','2020-08-31 16:21:17'),(99,24,2,'2017-08-23 14:22:12','2015-08-03 03:37:15','2017-09-16 20:19:30','2020-08-31 16:21:17'),(100,5,1,'2020-03-01 11:44:21','2019-10-31 17:54:32','2014-12-18 02:39:45','2020-08-31 16:21:17'),(100,18,2,'2019-11-23 10:00:07','2015-05-15 02:57:07','2015-09-26 21:30:18','2020-08-31 16:23:23'),(100,20,1,'2013-06-02 06:55:58','2015-12-26 10:27:23','2014-01-11 11:54:02','2020-08-31 16:23:23');
/*!40000 ALTER TABLE `friendship` ENABLE KEYS */;
UNLOCK TABLES;

--
-- Table structure for table `friendship_statuses`
--

DROP TABLE IF EXISTS `friendship_statuses`;
/*!40101 SET @saved_cs_client     = @@character_set_client */;
/*!50503 SET character_set_client = utf8mb4 */;
CREATE TABLE `friendship_statuses` (
  `id` int unsigned NOT NULL AUTO_INCREMENT COMMENT 'Идентификатор строки',
  `name` varchar(150) CHARACTER SET utf8 COLLATE utf8_unicode_ci NOT NULL COMMENT 'Название статуса',
  `created_at` datetime DEFAULT CURRENT_TIMESTAMP COMMENT 'Время создания строки',
  `updated_at` datetime DEFAULT CURRENT_TIMESTAMP ON UPDATE CURRENT_TIMESTAMP COMMENT 'Время обновления строки',
  PRIMARY KEY (`id`),
  UNIQUE KEY `name` (`name`)
) ENGINE=InnoDB AUTO_INCREMENT=4 DEFAULT CHARSET=utf8 COLLATE=utf8_unicode_ci COMMENT='Статусы дружбы';
/*!40101 SET character_set_client = @saved_cs_client */;

--
-- Dumping data for table `friendship_statuses`
--

LOCK TABLES `friendship_statuses` WRITE;
/*!40000 ALTER TABLE `friendship_statuses` DISABLE KEYS */;
INSERT INTO `friendship_statuses` VALUES (1,'Requested','2020-08-31 16:18:50','2020-08-31 16:18:50'),(2,'Confirmed','2020-08-31 16:18:50','2020-08-31 16:18:50'),(3,'Rejected','2020-08-31 16:18:50','2020-08-31 16:18:50');
/*!40000 ALTER TABLE `friendship_statuses` ENABLE KEYS */;
UNLOCK TABLES;

--
-- Table structure for table `media`
--

DROP TABLE IF EXISTS `media`;
/*!40101 SET @saved_cs_client     = @@character_set_client */;
/*!50503 SET character_set_client = utf8mb4 */;
CREATE TABLE `media` (
  `id` int unsigned NOT NULL AUTO_INCREMENT COMMENT 'Идентификатор строки',
  `user_id` int unsigned NOT NULL COMMENT 'Ссылка на пользователя, который загрузил файл',
  `filepath` varchar(255) CHARACTER SET utf8 COLLATE utf8_unicode_ci NOT NULL COMMENT 'Путь к файлу',
  `size` int NOT NULL COMMENT 'Размер файла',
  `metadata` json DEFAULT NULL,
  `media_type_id` int unsigned NOT NULL COMMENT 'Ссылка на тип контента',
  `created_at` datetime DEFAULT CURRENT_TIMESTAMP COMMENT 'Время создания строки',
  `updated_at` datetime DEFAULT CURRENT_TIMESTAMP ON UPDATE CURRENT_TIMESTAMP COMMENT 'Время обновления строки',
  PRIMARY KEY (`id`),
  CONSTRAINT `media_chk_1` CHECK (json_valid(`metadata`))
) ENGINE=InnoDB AUTO_INCREMENT=382 DEFAULT CHARSET=utf8 COLLATE=utf8_unicode_ci COMMENT='Медиафайлы';
/*!40101 SET character_set_client = @saved_cs_client */;

--
-- Dumping data for table `media`
--

LOCK TABLES `media` WRITE;
/*!40000 ALTER TABLE `media` DISABLE KEYS */;
INSERT INTO `media` VALUES (201,1,'http://Koepp.org/Althea.jpeg',53177,'{\"owner\": \"Josefina Bechtelar\"}',1,'2020-04-09 15:03:47','2020-08-31 16:14:08'),(202,2,'http://Larson.org/Forest.gif',104318,'{\"owner\": \"Terrence Cummerata\"}',2,'2019-11-07 20:34:31','2020-08-31 16:14:08'),(203,4,'http://Kozey.org/Jeffrey.jpeg',52059,'{\"owner\": \"Tyreek Klocko\"}',1,'2019-11-16 02:01:05','2020-08-31 16:14:08'),(204,5,'http://Cummerata.org/Althea.png',37343,'{\"owner\": \"Dave Heller\"}',2,'2020-03-15 06:02:07','2020-08-31 16:14:08'),(205,6,'http://Morissette.org/Meda.avi',20536,'{\"owner\": \"Brando Balistreri\"}',3,'2020-02-26 09:42:13','2020-08-31 16:14:08'),(206,7,'http://Hagenes.org/Flavio.wav',80652,'{\"owner\": \"Roxane Beer\"}',1,'2020-01-14 18:07:07','2020-08-31 16:14:08'),(207,8,'http://Lehner.org/Jayde.mpeg',31655,'{\"owner\": \"Arnaldo Morissette\"}',2,'2019-11-26 20:48:14','2020-08-31 16:14:08'),(208,9,'http://Cummerata.org/Marlin.mpeg',106317,'{\"owner\": \"Pinkie Fadel\"}',3,'2020-06-08 02:30:43','2020-08-31 16:14:08'),(209,10,'http://Morissette.org/Marisol.wav',26623,'{\"owner\": \"Darrell Abbott\"}',1,'2020-08-09 00:41:20','2020-08-31 16:14:08'),(210,11,'http://Rowe.org/Tyrel.txt',104163,'{\"owner\": \"Mustafa Kihn\"}',2,'2020-07-31 01:15:30','2020-08-31 16:14:08'),(211,12,'http://Feil.org/Pearlie.png',30946,'{\"owner\": \"Fae Brown\"}',3,'2020-05-10 14:31:08','2020-08-31 16:14:08'),(212,13,'http://Kihn.org/Chandler.jpeg',32242,'{\"owner\": \"Jeffrey Bradtke\"}',1,'2020-06-19 11:30:28','2020-08-31 16:14:08'),(213,14,'http://Morissette.org/Pinkie.gif',58373,'{\"owner\": \"Shawn Mueller\"}',2,'2019-08-21 04:03:01','2020-08-31 16:14:08'),(214,15,'http://Mertz.org/Noelia.gif',85141,'{\"owner\": \"Miller Rolfson\"}',3,'2020-04-23 20:51:28','2020-08-31 16:14:08'),(215,16,'http://Breitenberg.org/Darrin.wav',40583,'{\"owner\": \"Green O\'Kon\"}',1,'2020-03-03 12:13:57','2020-08-31 16:14:08'),(216,17,'http://Krajcik.org/Vincenzo.png',37496,'{\"owner\": \"Buck Tromp\"}',2,'2020-01-24 23:46:27','2020-08-31 16:14:08'),(217,19,'http://Krajcik.org/Libby.txt',55731,'{\"owner\": \"Jerald Murazik\"}',1,'2020-03-16 20:29:47','2020-08-31 16:14:08'),(218,21,'http://Hickle.org/Tabitha.avi',56165,'{\"owner\": \"Brant Kreiger\"}',3,'2019-11-29 00:33:28','2020-08-31 16:14:08'),(219,22,'http://Brown.org/Noelia.mpeg',103635,'{\"owner\": \"Jamie Wunsch\"}',1,'2019-10-30 15:55:16','2020-08-31 16:14:08'),(220,23,'http://Krajcik.org/Viola.txt',39678,'{\"owner\": \"Oral Hermann\"}',2,'2020-07-13 03:34:17','2020-08-31 16:14:08'),(221,24,'http://Schumm.org/Miller.avi',77487,'{\"owner\": \"Hertha Reynolds\"}',3,'2020-02-03 22:59:40','2020-08-31 16:14:08'),(222,25,'http://Jacobs.org/Leslie.mpeg',58399,'{\"owner\": \"Vergie Schuster\"}',1,'2019-09-04 05:38:33','2020-08-31 16:14:08'),(223,26,'http://Lueilwitz.org/Kenya.gif',49537,'{\"owner\": \"Henriette Koepp\"}',2,'2019-11-14 20:26:50','2020-08-31 16:14:08'),(224,27,'http://Waters.org/Marisol.avi',62487,'{\"owner\": \"Callie Turner\"}',3,'2019-12-13 10:58:03','2020-08-31 16:14:08'),(225,28,'http://Ankunding.org/Kaya.wav',53826,'{\"owner\": \"Arvilla Hagenes\"}',1,'2020-03-10 10:40:55','2020-08-31 16:14:08'),(226,30,'http://Hegmann.org/Ryleigh.wav',71667,'{\"owner\": \"Abbigail Leannon\"}',3,'2020-07-07 09:26:57','2020-08-31 16:14:08'),(227,31,'http://Reynolds.org/Jayde.mpeg',86859,'{\"owner\": \"Golda Rice\"}',1,'2019-10-14 05:39:36','2020-08-31 16:14:08'),(228,32,'http://Waters.org/Bertha.avi',109296,'{\"owner\": \"Karina Braun\"}',2,'2019-08-24 10:02:18','2020-08-31 16:14:08'),(229,33,'http://Harris.org/Josefina.txt',75902,'{\"owner\": \"Ronaldo Smitham\"}',3,'2020-07-27 17:30:25','2020-08-31 16:14:08'),(230,34,'http://Klocko.org/Dominic.png',41623,'{\"owner\": \"Sigmund Fadel\"}',1,'2019-10-29 07:21:52','2020-08-31 16:14:08'),(231,35,'http://O\'Kon.org/Kylie.wav',70410,'{\"owner\": \"Kylie Rowe\"}',2,'2020-02-12 13:39:32','2020-08-31 16:14:08'),(232,36,'http://Rice.org/Green.jpeg',17183,'{\"owner\": \"Nella Price\"}',3,'2020-04-21 03:27:06','2020-08-31 16:14:08'),(233,37,'http://Reynolds.org/Karson.avi',64684,'{\"owner\": \"Darrin Mante\"}',1,'2020-07-15 15:11:02','2020-08-31 16:14:08'),(234,38,'http://Stoltenberg.org/Marisol.gif',61871,'{\"owner\": \"Kenny Boyle\"}',2,'2020-05-06 07:00:34','2020-08-31 16:14:08'),(235,39,'http://Toy.org/Darrin.txt',105304,'{\"owner\": \"Graciela Roberts\"}',3,'2020-03-14 11:32:49','2020-08-31 16:14:08'),(236,40,'http://Bashirian.org/Terrence.mp3',30907,'{\"owner\": \"Jayde Grimes\"}',1,'2019-11-12 10:57:24','2020-08-31 16:14:08'),(237,41,'http://Hegmann.org/Sigmund.png',28625,'{\"owner\": \"Althea Toy\"}',2,'2020-08-12 11:29:39','2020-08-31 16:14:08'),(238,42,'http://Krajcik.org/Leslie.txt',40403,'{\"owner\": \"Layla Lehner\"}',3,'2019-12-09 00:46:55','2020-08-31 16:14:08'),(239,43,'http://Wunsch.org/Sigmund.wav',106139,'{\"owner\": \"Zander Lueilwitz\"}',1,'2020-07-05 01:50:34','2020-08-31 16:14:08'),(240,44,'http://O\'Kon.org/Emilia.mpeg',99489,'{\"owner\": \"Noelia Mraz\"}',2,'2020-07-10 11:53:24','2020-08-31 16:14:08'),(241,46,'http://Lehner.org/Archibald.wav',69028,'{\"owner\": \"Reyes Brown\"}',1,'2020-07-22 17:02:35','2020-08-31 16:14:08'),(242,47,'http://Lehner.org/Libby.txt',36672,'{\"owner\": \"Ewell Mertz\"}',2,'2020-05-26 13:43:21','2020-08-31 16:14:08'),(243,48,'http://Leannon.org/Berenice.wav',66276,'{\"owner\": \"Evan VonRueden\"}',3,'2019-10-02 13:21:44','2020-08-31 16:14:08'),(244,49,'http://Grimes.org/Nella.wav',11365,'{\"owner\": \"Kenya Mraz\"}',1,'2020-05-21 18:30:35','2020-08-31 16:14:08'),(245,50,'http://Cummerata.org/Magnolia.png',47997,'{\"owner\": \"Tyrel Schowalter\"}',2,'2020-05-16 01:12:36','2020-08-31 16:14:08'),(246,51,'http://Sporer.org/Karson.wav',95892,'{\"owner\": \"Brycen Terry\"}',3,'2020-08-02 20:24:29','2020-08-31 16:14:08'),(247,52,'http://Lueilwitz.org/Kaya.txt',25468,'{\"owner\": \"Tabitha Cartwright\"}',1,'2019-09-28 11:56:45','2020-08-31 16:14:08'),(248,53,'http://Schumm.org/Golda.avi',29663,'{\"owner\": \"Bailey Bashirian\"}',2,'2020-07-19 10:46:48','2020-08-31 16:14:08'),(249,54,'http://Harris.org/Forest.jpeg',61915,'{\"owner\": \"Elizabeth Effertz\"}',3,'2020-07-10 20:07:33','2020-08-31 16:14:08'),(250,55,'http://Sporer.org/Onie.png',10584,'{\"owner\": \"Jamaal Walter\"}',1,'2019-11-19 12:58:16','2020-08-31 16:14:08'),(251,57,'http://Lueilwitz.org/Althea.png',57176,'{\"owner\": \"Quinton Kohler\"}',3,'2019-10-24 18:32:38','2020-08-31 16:14:08'),(252,58,'http://Block.org/Green.wav',44130,'{\"owner\": \"Ryleigh Hegmann\"}',1,'2020-03-25 06:45:59','2020-08-31 16:14:08'),(253,59,'http://Koelpin.org/Dave.gif',39120,'{\"owner\": \"Forest Krajcik\"}',2,'2020-03-11 06:01:14','2020-08-31 16:14:08'),(254,60,'http://Greenfelder.org/Tyreek.wav',53212,'{\"owner\": \"Emanuel Kerluke\"}',3,'2019-12-06 17:02:37','2020-08-31 16:14:08'),(255,61,'http://Fadel.org/Kenya.mpeg',38702,'{\"owner\": \"Madaline Hintz\"}',1,'2020-05-21 00:39:49','2020-08-31 16:14:08'),(256,62,'http://Schuster.org/Shawn.png',23873,'{\"owner\": \"Kaya Larson\"}',2,'2020-05-27 19:08:50','2020-08-31 16:14:08'),(257,63,'http://Mueller.org/Pasquale.avi',93260,'{\"owner\": \"Alexandrine Schumm\"}',3,'2020-04-18 02:18:09','2020-08-31 16:14:08'),(258,64,'http://Mante.org/Emanuel.mp3',84681,'{\"owner\": \"Andreane Botsford\"}',1,'2020-06-29 02:19:45','2020-08-31 16:14:08'),(259,65,'http://Cummerata.org/Justus.txt',33624,'{\"owner\": \"Green Bergnaum\"}',2,'2020-08-15 11:58:58','2020-08-31 16:14:08'),(260,66,'http://Reynolds.org/Pasquale.txt',104080,'{\"owner\": \"Flavio Considine\"}',3,'2019-09-11 08:45:10','2020-08-31 16:14:08'),(261,67,'http://Kohler.org/Libby.avi',109529,'{\"owner\": \"Shanny Gleason\"}',1,'2019-11-09 11:40:00','2020-08-31 16:14:08'),(262,68,'http://Windler.org/Roxane.mp3',25403,'{\"owner\": \"Hassan Moore\"}',2,'2019-10-10 03:10:48','2020-08-31 16:14:08'),(263,69,'http://O\'Connell.org/Abbigail.jpeg',88430,'{\"owner\": \"Garth Pfannerstill\"}',3,'2019-09-09 19:59:27','2020-08-31 16:14:08'),(264,70,'http://Rowe.org/Vincenzo.jpeg',55942,'{\"owner\": \"Mitchell Ankunding\"}',1,'2020-04-05 11:35:22','2020-08-31 16:14:08'),(265,71,'http://Schuster.org/Nella.jpeg',104419,'{\"owner\": \"Demond Cruickshank\"}',2,'2019-09-21 09:45:16','2020-08-31 16:14:08'),(266,72,'http://Hickle.org/Jamie.png',44272,'{\"owner\": \"Karina Harris\"}',3,'2019-09-20 21:34:25','2020-08-31 16:14:08'),(267,73,'http://Hilll.org/Pearlie.wav',98102,'{\"owner\": \"Pasquale Halvorson\"}',1,'2020-07-29 14:51:34','2020-08-31 16:14:08'),(268,74,'http://Mann.org/Mitchell.mp3',47695,'{\"owner\": \"Nellie Windler\"}',2,'2019-08-26 17:40:07','2020-08-31 16:14:08'),(269,75,'http://Windler.org/Onie.txt',34168,'{\"owner\": \"Estelle Hilll\"}',3,'2019-11-07 10:53:51','2020-08-31 16:14:08'),(270,76,'http://Prosacco.org/Gilbert.wav',17758,'{\"owner\": \"Ezequiel Jerde\"}',1,'2020-02-20 03:09:38','2020-08-31 16:14:08'),(271,77,'http://Toy.org/Kenny.txt',76284,'{\"owner\": \"Leslie Oberbrunner\"}',2,'2020-05-11 08:56:30','2020-08-31 16:14:08'),(272,78,'http://Erdman.org/Arnaldo.avi',18146,'{\"owner\": \"Pearlie Friesen\"}',3,'2019-12-20 08:36:22','2020-08-31 16:14:08'),(273,80,'http://Brown.org/Ewell.mpeg',51880,'{\"owner\": \"Berenice Zieme\"}',2,'2020-01-20 23:01:43','2020-08-31 16:14:08'),(274,82,'http://Lehner.org/Hortense.mp3',94961,'{\"owner\": \"Darrin Lehner\"}',1,'2019-10-04 00:40:57','2020-08-31 16:14:08'),(275,83,'http://Leannon.org/Evan.wav',109165,'{\"owner\": \"Jennyfer Feil\"}',2,'2019-12-31 09:24:47','2020-08-31 16:14:08'),(276,84,'http://Roob.org/Pearlie.avi',50944,'{\"owner\": \"Gilbert Rowe\"}',3,'2019-08-31 19:12:56','2020-08-31 16:14:08'),(277,86,'http://Mraz.org/Eliezer.mp3',17226,'{\"owner\": \"Chandler Lehner\"}',2,'2020-02-20 19:38:40','2020-08-31 16:14:08'),(278,87,'http://Erdman.org/Libby.mpeg',23300,'{\"owner\": \"Bertha Breitenberg\"}',3,'2020-04-13 09:40:25','2020-08-31 16:14:08'),(279,88,'http://Schowalter.org/Roxane.mpeg',54820,'{\"owner\": \"Emilia Erdman\"}',1,'2020-05-03 12:10:00','2020-08-31 16:14:08'),(280,89,'http://Moore.org/Lesly.png',94202,'{\"owner\": \"Archibald Hickle\"}',2,'2019-11-16 00:26:08','2020-08-31 16:14:08'),(281,90,'http://Walter.org/Berenice.gif',96549,'{\"owner\": \"Stephon Hickle\"}',3,'2019-12-23 08:14:57','2020-08-31 16:14:08'),(282,91,'http://Murazik.org/Darrin.png',90141,'{\"owner\": \"Karson Koelpin\"}',1,'2020-06-30 08:42:37','2020-08-31 16:14:08'),(283,92,'http://Lehner.org/Layla.mp3',51058,'{\"owner\": \"Libby Stoltenberg\"}',2,'2020-06-27 20:47:03','2020-08-31 16:14:08'),(284,93,'http://Kerluke.org/Hertha.jpeg',74867,'{\"owner\": \"Marlin Mann\"}',3,'2020-01-29 05:47:57','2020-08-31 16:14:08'),(285,94,'http://Hermann.org/Noelia.mp3',11162,'{\"owner\": \"Vincenzo Sporer\"}',1,'2019-10-03 06:38:46','2020-08-31 16:14:08'),(286,95,'http://Fadel.org/Kenny.avi',21208,'{\"owner\": \"Armand Raynor\"}',2,'2020-03-30 18:41:12','2020-08-31 16:14:08'),(287,96,'http://Bashirian.org/Shawn.mp3',62556,'{\"owner\": \"Jaiden Kozey\"}',3,'2020-03-03 19:06:16','2020-08-31 16:14:08'),(288,97,'http://Gleason.org/Mitchell.jpeg',39157,'{\"owner\": \"Onie Waters\"}',1,'2019-11-06 11:52:08','2020-08-31 16:14:08'),(289,98,'http://Windler.org/Brant.avi',98117,'{\"owner\": \"Hortense Roob\"}',2,'2020-02-08 01:29:53','2020-08-31 16:14:08'),(290,99,'http://Reynolds.org/Kenny.mp3',63115,'{\"owner\": \"Justus Block\"}',3,'2020-02-04 10:10:14','2020-08-31 16:14:08'),(291,100,'http://Jerde.org/Graciela.wav',11223,'{\"owner\": \"Jazmyne Prosacco\"}',1,'2020-05-09 06:43:00','2020-08-31 16:14:08'),(292,1,'http://Ankunding.org/Emanuel.gif',56771,'{\"owner\": \"Josefina Bechtelar\"}',2,'2019-08-28 15:50:33','2020-08-31 16:14:08'),(293,2,'http://Ankunding.org/Ronaldo.mp3',40185,'{\"owner\": \"Terrence Cummerata\"}',3,'2020-01-26 14:45:42','2020-08-31 16:14:08'),(294,3,'http://Murazik.org/Andreane.wav',20613,'{\"owner\": \"Clementina Emard\"}',1,'2020-07-30 12:19:48','2020-08-31 16:14:08'),(295,4,'http://Hegmann.org/Emilia.avi',72510,'{\"owner\": \"Tyreek Klocko\"}',2,'2019-11-16 02:12:44','2020-08-31 16:14:08'),(296,5,'http://Prosacco.org/Stephon.txt',90713,'{\"owner\": \"Dave Heller\"}',3,'2020-02-25 20:29:07','2020-08-31 16:14:08'),(297,6,'http://Hagenes.org/Jayde.jpeg',26036,'{\"owner\": \"Brando Balistreri\"}',1,'2020-02-26 10:59:23','2020-08-31 16:14:08'),(298,7,'http://Tromp.org/Brando.jpeg',48041,'{\"owner\": \"Roxane Beer\"}',2,'2020-07-23 07:15:53','2020-08-31 16:14:08'),(299,8,'http://Roob.org/Karina.avi',52097,'{\"owner\": \"Arnaldo Morissette\"}',3,'2020-06-14 18:02:50','2020-08-31 16:14:08'),(300,9,'http://Kerluke.org/Demond.avi',106365,'{\"owner\": \"Pinkie Fadel\"}',1,'2020-06-11 09:12:07','2020-08-31 16:14:08'),(301,10,'http://Pfannerstill.org/Kenny.avi',65531,'{\"owner\": \"Darrell Abbott\"}',2,'2019-09-04 14:44:46','2020-08-31 16:14:08'),(302,11,'http://Price.org/Pinkie.jpeg',98563,'{\"owner\": \"Mustafa Kihn\"}',3,'2020-07-29 15:46:12','2020-08-31 16:14:08'),(303,13,'http://Breitenberg.org/Marlin.gif',86222,'{\"owner\": \"Jeffrey Bradtke\"}',2,'2019-10-08 09:48:50','2020-08-31 16:14:08'),(304,14,'http://Fadel.org/Ezequiel.avi',25421,'{\"owner\": \"Shawn Mueller\"}',3,'2020-01-23 18:08:37','2020-08-31 16:14:08'),(305,15,'http://Jerde.org/Brycen.wav',58442,'{\"owner\": \"Miller Rolfson\"}',1,'2020-07-05 00:29:43','2020-08-31 16:14:08'),(306,16,'http://Bashirian.org/Tyreek.txt',105945,'{\"owner\": \"Green O\'Kon\"}',2,'2019-12-26 06:24:19','2020-08-31 16:14:08'),(307,17,'http://Heller.org/Leslie.txt',44400,'{\"owner\": \"Buck Tromp\"}',3,'2019-11-05 07:08:19','2020-08-31 16:14:08'),(308,18,'http://Mann.org/Ewell.wav',94167,'{\"owner\": \"Marisol Breitenberg\"}',1,'2020-04-05 20:43:28','2020-08-31 16:14:08'),(309,19,'http://Fadel.org/Ewell.mp3',27635,'{\"owner\": \"Jerald Murazik\"}',2,'2020-08-07 11:06:54','2020-08-31 16:14:08'),(310,21,'http://Toy.org/Abbigail.png',45676,'{\"owner\": \"Brant Kreiger\"}',1,'2020-08-13 05:05:31','2020-08-31 16:14:08'),(311,22,'http://Emard.org/Jamaal.avi',35475,'{\"owner\": \"Jamie Wunsch\"}',2,'2019-12-05 20:14:27','2020-08-31 16:14:08'),(312,25,'http://Rowe.org/Jennyfer.mp3',30345,'{\"owner\": \"Vergie Schuster\"}',2,'2020-03-05 21:23:46','2020-08-31 16:14:08'),(313,26,'http://Koepp.org/Hassan.mpeg',35302,'{\"owner\": \"Henriette Koepp\"}',3,'2019-12-22 23:35:01','2020-08-31 16:14:08'),(314,27,'http://Braun.org/Zander.jpeg',75475,'{\"owner\": \"Callie Turner\"}',1,'2019-12-27 13:56:56','2020-08-31 16:14:08'),(315,30,'http://Schuster.org/Marlin.mpeg',61470,'{\"owner\": \"Abbigail Leannon\"}',1,'2019-09-25 07:57:44','2020-08-31 16:14:08'),(316,31,'http://Block.org/Green.mp3',70924,'{\"owner\": \"Golda Rice\"}',2,'2020-06-07 10:33:38','2020-08-31 16:14:08'),(317,32,'http://Kerluke.org/Noelia.gif',60213,'{\"owner\": \"Karina Braun\"}',3,'2019-10-01 11:09:06','2020-08-31 16:14:08'),(318,33,'http://Jacobs.org/Roxane.gif',78293,'{\"owner\": \"Ronaldo Smitham\"}',1,'2020-06-22 08:42:49','2020-08-31 16:14:08'),(319,34,'http://Oberbrunner.org/Althea.jpeg',100827,'{\"owner\": \"Sigmund Fadel\"}',2,'2019-12-28 15:43:19','2020-08-31 16:14:08'),(320,36,'http://Braun.org/Kenny.txt',59256,'{\"owner\": \"Nella Price\"}',1,'2020-05-14 12:35:05','2020-08-31 16:14:08'),(321,37,'http://Gleason.org/Shawn.txt',83799,'{\"owner\": \"Darrin Mante\"}',2,'2020-04-17 08:07:24','2020-08-31 16:14:08'),(322,38,'http://Boyle.org/Brant.gif',31228,'{\"owner\": \"Kenny Boyle\"}',3,'2020-01-19 05:11:14','2020-08-31 16:14:08'),(323,39,'http://Greenfelder.org/Althea.avi',94742,'{\"owner\": \"Graciela Roberts\"}',1,'2020-03-26 22:02:18','2020-08-31 16:14:08'),(324,40,'http://Friesen.org/Shanny.wav',70029,'{\"owner\": \"Jayde Grimes\"}',2,'2020-02-02 11:17:23','2020-08-31 16:14:08'),(325,41,'http://Toy.org/Kylie.wav',55918,'{\"owner\": \"Althea Toy\"}',3,'2020-03-27 00:42:45','2020-08-31 16:14:08'),(326,42,'http://Leannon.org/Jamie.png',59505,'{\"owner\": \"Layla Lehner\"}',1,'2019-12-26 16:14:04','2020-08-31 16:14:08'),(327,43,'http://Lehner.org/Kenny.gif',19771,'{\"owner\": \"Zander Lueilwitz\"}',2,'2020-06-25 07:45:08','2020-08-31 16:14:08'),(328,44,'http://Kreiger.org/Kenya.jpeg',10341,'{\"owner\": \"Noelia Mraz\"}',3,'2020-08-16 23:15:58','2020-08-31 16:14:08'),(329,45,'http://Hilll.org/Vincenzo.wav',82391,'{\"owner\": \"Viola Jacobs\"}',1,'2020-02-08 10:33:35','2020-08-31 16:14:08'),(330,46,'http://O\'Kon.org/Buck.wav',70934,'{\"owner\": \"Reyes Brown\"}',2,'2019-08-30 08:48:47','2020-08-31 16:14:08'),(331,47,'http://Hegmann.org/Jerald.wav',97497,'{\"owner\": \"Ewell Mertz\"}',3,'2019-12-27 14:17:36','2020-08-31 16:14:08'),(332,48,'http://Hickle.org/Althea.avi',64685,'{\"owner\": \"Evan VonRueden\"}',1,'2020-04-01 11:48:53','2020-08-31 16:14:08'),(333,49,'http://Cartwright.org/Graciela.gif',20933,'{\"owner\": \"Kenya Mraz\"}',2,'2020-02-17 01:47:30','2020-08-31 16:14:08'),(334,51,'http://Raynor.org/Meda.jpeg',100609,'{\"owner\": \"Brycen Terry\"}',1,'2019-10-20 13:18:53','2020-08-31 16:14:08'),(335,52,'http://Mertz.org/Jayde.avi',30249,'{\"owner\": \"Tabitha Cartwright\"}',2,'2020-03-28 12:35:03','2020-08-31 16:14:08'),(336,53,'http://Breitenberg.org/Arnaldo.mpeg',39417,'{\"owner\": \"Bailey Bashirian\"}',3,'2020-07-08 13:21:41','2020-08-31 16:14:08'),(337,54,'http://Mann.org/Brant.mp3',96338,'{\"owner\": \"Elizabeth Effertz\"}',1,'2019-09-22 00:56:00','2020-08-31 16:14:08'),(338,55,'http://Cartwright.org/Andreane.png',53439,'{\"owner\": \"Jamaal Walter\"}',2,'2020-06-24 01:36:17','2020-08-31 16:14:08'),(339,56,'http://Considine.org/Andreane.wav',68182,'{\"owner\": \"Lesly Mann\"}',3,'2019-12-30 00:23:20','2020-08-31 16:14:08'),(340,57,'http://Schowalter.org/Darrell.jpeg',70595,'{\"owner\": \"Quinton Kohler\"}',1,'2020-01-04 12:40:55','2020-08-31 16:14:08'),(341,58,'http://Block.org/Pearlie.mp3',38427,'{\"owner\": \"Ryleigh Hegmann\"}',2,'2019-10-06 03:16:23','2020-08-31 16:14:08'),(342,59,'http://Emard.org/Buck.jpeg',70353,'{\"owner\": \"Forest Krajcik\"}',3,'2019-11-23 19:57:49','2020-08-31 16:14:08'),(343,60,'http://Oberbrunner.org/Edwardo.mpeg',26485,'{\"owner\": \"Emanuel Kerluke\"}',1,'2020-03-09 20:24:14','2020-08-31 16:14:08'),(344,61,'http://Murazik.org/Emanuel.png',11367,'{\"owner\": \"Madaline Hintz\"}',2,'2019-08-23 14:10:10','2020-08-31 16:14:08'),(345,62,'http://Lueilwitz.org/Dave.avi',67380,'{\"owner\": \"Kaya Larson\"}',3,'2020-08-03 02:19:14','2020-08-31 16:14:08'),(346,63,'http://Hickle.org/Vergie.png',92799,'{\"owner\": \"Alexandrine Schumm\"}',1,'2020-02-29 12:05:38','2020-08-31 16:14:08'),(347,64,'http://Abbott.org/Forest.mp3',51857,'{\"owner\": \"Andreane Botsford\"}',2,'2020-04-02 09:23:45','2020-08-31 16:14:08'),(348,65,'http://Abbott.org/Jaiden.jpeg',70886,'{\"owner\": \"Green Bergnaum\"}',3,'2020-03-08 12:01:13','2020-08-31 16:14:08'),(349,66,'http://Jerde.org/Jamie.gif',88859,'{\"owner\": \"Flavio Considine\"}',1,'2020-07-05 01:29:07','2020-08-31 16:14:08'),(350,67,'http://Armstrong.org/Noelia.mp3',21637,'{\"owner\": \"Shanny Gleason\"}',2,'2020-03-12 18:24:14','2020-08-31 16:14:08'),(351,68,'http://Botsford.org/Brant.wav',31609,'{\"owner\": \"Hassan Moore\"}',3,'2020-05-07 22:48:56','2020-08-31 16:14:08'),(352,69,'http://Kreiger.org/Noelia.avi',83136,'{\"owner\": \"Garth Pfannerstill\"}',1,'2020-04-12 06:21:31','2020-08-31 16:14:08'),(353,70,'http://Cummerata.org/Marisol.mp3',10854,'{\"owner\": \"Mitchell Ankunding\"}',2,'2019-09-21 02:17:52','2020-08-31 16:14:08'),(354,71,'http://Morissette.org/Meda.gif',94863,'{\"owner\": \"Demond Cruickshank\"}',3,'2020-07-23 23:40:17','2020-08-31 16:14:08'),(355,72,'http://Erdman.org/Kenny.avi',31751,'{\"owner\": \"Karina Harris\"}',1,'2020-02-27 12:46:00','2020-08-31 16:14:08'),(356,73,'http://Smitham.org/Elizabeth.mp3',64166,'{\"owner\": \"Pasquale Halvorson\"}',2,'2020-05-07 09:05:18','2020-08-31 16:14:08'),(357,74,'http://Mann.org/Bertha.wav',15580,'{\"owner\": \"Nellie Windler\"}',3,'2020-05-24 14:01:34','2020-08-31 16:14:08'),(358,75,'http://Lehner.org/Leslie.txt',75403,'{\"owner\": \"Estelle Hilll\"}',1,'2020-04-15 19:13:37','2020-08-31 16:14:08'),(359,76,'http://Abbott.org/Vincenzo.jpeg',20274,'{\"owner\": \"Ezequiel Jerde\"}',2,'2019-10-29 04:00:15','2020-08-31 16:14:08'),(360,77,'http://Mante.org/Emanuel.mp3',65163,'{\"owner\": \"Leslie Oberbrunner\"}',3,'2020-05-07 11:08:32','2020-08-31 16:14:08'),(361,78,'http://Pfannerstill.org/Andreane.jpeg',54992,'{\"owner\": \"Pearlie Friesen\"}',1,'2020-06-14 18:34:15','2020-08-31 16:14:08'),(362,79,'http://Bashirian.org/Dave.jpeg',69472,'{\"owner\": \"Edwardo Leannon\"}',2,'2020-02-15 07:54:25','2020-08-31 16:14:08'),(363,80,'http://Murazik.org/Jamie.avi',72383,'{\"owner\": \"Berenice Zieme\"}',3,'2020-03-19 08:55:50','2020-08-31 16:14:08'),(364,81,'http://Hermann.org/Meda.mp3',43502,'{\"owner\": \"Magnolia Armstrong\"}',1,'2019-11-23 05:22:43','2020-08-31 16:14:08'),(365,82,'http://Mann.org/Roxane.mp3',90359,'{\"owner\": \"Darrin Lehner\"}',2,'2020-02-10 09:30:51','2020-08-31 16:14:08'),(366,83,'http://Pfannerstill.org/Althea.gif',11290,'{\"owner\": \"Jennyfer Feil\"}',3,'2019-11-26 09:13:17','2020-08-31 16:14:08'),(367,84,'http://Morissette.org/Berenice.mp3',75376,'{\"owner\": \"Gilbert Rowe\"}',1,'2019-11-28 09:41:09','2020-08-31 16:14:08'),(368,85,'http://Mann.org/Mustafa.png',33008,'{\"owner\": \"Meda O\'Connell\"}',2,'2020-07-29 19:24:33','2020-08-31 16:14:08'),(369,87,'http://Hilll.org/Armand.avi',28912,'{\"owner\": \"Bertha Breitenberg\"}',1,'2020-06-11 21:56:40','2020-08-31 16:14:08'),(370,88,'http://Roberts.org/Jayde.wav',35538,'{\"owner\": \"Emilia Erdman\"}',2,'2019-11-11 03:19:43','2020-08-31 16:14:08'),(371,89,'http://Murazik.org/Garth.avi',80954,'{\"owner\": \"Archibald Hickle\"}',3,'2020-04-06 21:18:54','2020-08-31 16:14:08'),(372,90,'http://Bashirian.org/Reyes.mpeg',88157,'{\"owner\": \"Stephon Hickle\"}',1,'2019-11-29 11:59:40','2020-08-31 16:14:08'),(373,91,'http://Morissette.org/Ewell.jpeg',87921,'{\"owner\": \"Karson Koelpin\"}',2,'2020-03-26 16:54:06','2020-08-31 16:14:08'),(374,92,'http://Mraz.org/Hertha.wav',65138,'{\"owner\": \"Libby Stoltenberg\"}',3,'2020-04-07 18:34:44','2020-08-31 16:14:08'),(375,93,'http://Hintz.org/Layla.mp3',51925,'{\"owner\": \"Marlin Mann\"}',1,'2019-11-14 05:56:44','2020-08-31 16:14:08'),(376,94,'http://Larson.org/Jaiden.avi',54213,'{\"owner\": \"Vincenzo Sporer\"}',2,'2019-10-02 21:45:07','2020-08-31 16:14:08'),(377,95,'http://Smitham.org/Darrin.mpeg',105291,'{\"owner\": \"Armand Raynor\"}',3,'2019-09-06 19:00:32','2020-08-31 16:14:08'),(378,96,'http://Hagenes.org/Demond.txt',53815,'{\"owner\": \"Jaiden Kozey\"}',1,'2020-01-26 17:59:57','2020-08-31 16:14:08'),(379,97,'http://Oberbrunner.org/Jerald.txt',43204,'{\"owner\": \"Onie Waters\"}',2,'2019-11-01 21:15:58','2020-08-31 16:14:08'),(380,98,'http://Moore.org/Mitchell.png',44574,'{\"owner\": \"Hortense Roob\"}',3,'2019-12-31 15:10:31','2020-08-31 16:14:08'),(381,100,'http://Toy.org/Darrell.gif',83258,'{\"owner\": \"Jazmyne Prosacco\"}',2,'2019-11-28 14:00:31','2020-08-31 16:14:08');
/*!40000 ALTER TABLE `media` ENABLE KEYS */;
UNLOCK TABLES;

--
-- Table structure for table `media_types`
--

DROP TABLE IF EXISTS `media_types`;
/*!40101 SET @saved_cs_client     = @@character_set_client */;
/*!50503 SET character_set_client = utf8mb4 */;
CREATE TABLE `media_types` (
  `id` int unsigned NOT NULL AUTO_INCREMENT COMMENT 'Идентификатор строки',
  `name` varchar(255) CHARACTER SET utf8 COLLATE utf8_unicode_ci NOT NULL COMMENT 'Название типа',
  `created_at` datetime DEFAULT CURRENT_TIMESTAMP COMMENT 'Время создания строки',
  `updated_at` datetime DEFAULT CURRENT_TIMESTAMP ON UPDATE CURRENT_TIMESTAMP COMMENT 'Время обновления строки',
  PRIMARY KEY (`id`),
  UNIQUE KEY `name` (`name`)
) ENGINE=InnoDB AUTO_INCREMENT=5 DEFAULT CHARSET=utf8 COLLATE=utf8_unicode_ci COMMENT='Типы медиафайлов';
/*!40101 SET character_set_client = @saved_cs_client */;

--
-- Dumping data for table `media_types`
--

LOCK TABLES `media_types` WRITE;
/*!40000 ALTER TABLE `media_types` DISABLE KEYS */;
INSERT INTO `media_types` VALUES (1,'video','2015-03-18 03:37:20','2019-02-23 13:46:07'),(2,'file','2015-11-24 19:00:25','2019-03-28 13:05:26'),(3,'image','2014-07-10 12:40:01','2020-08-31 15:30:55'),(4,'audio','2020-08-31 15:33:41','2020-08-31 15:33:41');
/*!40000 ALTER TABLE `media_types` ENABLE KEYS */;
UNLOCK TABLES;

--
-- Table structure for table `messages`
--

DROP TABLE IF EXISTS `messages`;
/*!40101 SET @saved_cs_client     = @@character_set_client */;
/*!50503 SET character_set_client = utf8mb4 */;
CREATE TABLE `messages` (
  `id` int unsigned NOT NULL AUTO_INCREMENT COMMENT 'Идентификатор строки',
  `from_user_id` int unsigned NOT NULL COMMENT 'Ссылка на отправителя сообщения',
  `to_user_id` int unsigned NOT NULL COMMENT 'Ссылка на получателя сообщения',
  `body` text CHARACTER SET utf8 COLLATE utf8_unicode_ci NOT NULL COMMENT 'Текст сообщения',
  `is_important` tinyint(1) DEFAULT NULL COMMENT 'Признак важности',
  `is_delivered` tinyint(1) DEFAULT NULL COMMENT 'Признак доставки',
  `created_at` datetime DEFAULT CURRENT_TIMESTAMP COMMENT 'Время создания строки',
  `updated_at` datetime DEFAULT CURRENT_TIMESTAMP ON UPDATE CURRENT_TIMESTAMP COMMENT 'Время обновления строки',
  PRIMARY KEY (`id`)
) ENGINE=InnoDB AUTO_INCREMENT=101 DEFAULT CHARSET=utf8 COLLATE=utf8_unicode_ci COMMENT='Сообщения';
/*!40101 SET character_set_client = @saved_cs_client */;

--
-- Dumping data for table `messages`
--

LOCK TABLES `messages` WRITE;
/*!40000 ALTER TABLE `messages` DISABLE KEYS */;
INSERT INTO `messages` VALUES (1,42,61,'Dolores sit sit natus illo sit. Excepturi blanditiis illo et. Iusto et omnis neque.',0,1,'2011-05-26 23:58:02','2015-12-17 14:02:53'),(2,99,10,'Quae quidem quod praesentium aliquid enim totam aliquam. Ab consequatur eos doloribus cumque sed. Similique sapiente ut quidem sunt cupiditate.',0,0,'2020-02-13 18:17:11','2020-08-31 15:26:09'),(3,89,81,'Ducimus excepturi veritatis fuga aut nam sint. Pariatur voluptate sed omnis sit tempore repellendus quia. Dolores blanditiis ut ratione et culpa enim. Deleniti voluptates quidem quam suscipit ut accusamus dolorum.',1,1,'2010-08-19 09:52:06','2017-01-24 06:36:01'),(4,62,53,'Sint est sunt aut eos expedita magnam omnis. Omnis ipsa iste possimus ducimus doloribus ducimus delectus. Voluptatem temporibus impedit totam animi tenetur beatae aliquam. Vel repellendus dolorem totam reiciendis.',0,0,'2014-11-26 06:55:23','2020-08-31 15:26:09'),(5,29,97,'Veritatis et consequatur aut exercitationem. Ducimus quia molestias perferendis a harum. Deserunt dolore quidem aut. Et qui hic repudiandae nesciunt.',1,0,'2018-06-09 11:21:42','2020-08-31 15:26:09'),(6,87,90,'Aspernatur molestiae rerum accusamus ex hic. Consequatur nesciunt sint voluptas. Qui minima quae ex ea odit totam dolorem. Voluptas maiores non dolorem qui voluptas. Et sed nihil dolorum enim commodi est quis officiis.',1,1,'2014-05-27 17:08:54','2019-01-10 15:13:49'),(7,10,89,'Sit dolores ut excepturi sequi dolor. Consequatur eos voluptates voluptates et. Molestiae sed quia doloribus repudiandae fugit natus quia. Dolorem praesentium aperiam sint aut necessitatibus qui nesciunt.',0,1,'2015-07-30 10:35:27','2016-05-11 11:56:47'),(8,11,39,'Enim voluptatem asperiores quidem nihil sunt sint. Numquam dicta voluptatem provident perspiciatis voluptas doloribus. Dolorem est quis molestiae deserunt corrupti.',0,0,'2014-08-31 13:39:41','2020-08-31 15:26:09'),(9,2,49,'Impedit facere corrupti tenetur fugit dignissimos repudiandae. Magni maxime earum labore perferendis totam consequatur. Voluptatem a quis pariatur exercitationem ratione. Omnis debitis suscipit numquam quo asperiores qui et.',1,0,'2019-06-08 01:44:47','2019-09-23 22:59:37'),(10,94,73,'Nobis odio ratione provident recusandae. Omnis sint sint officiis est exercitationem qui. Aspernatur maiores accusantium qui placeat ducimus dolorem distinctio. Velit qui enim neque.',1,1,'2018-03-18 13:49:46','2020-08-31 15:26:09'),(11,94,40,'Odio rerum fugiat ut perspiciatis eligendi quia officia. Laborum quidem magnam doloremque qui quam. Sit sunt perspiciatis expedita quia. Dolores autem ipsam sint placeat neque.',0,0,'2011-11-09 21:50:17','2016-10-17 23:28:39'),(12,64,31,'Ad est dolorem ratione sint exercitationem. Dolorem accusantium at labore laboriosam reiciendis reiciendis ex. Et accusamus corporis dolorem doloribus autem qui ipsum et. Ex quia dicta eaque iure.',1,0,'2012-04-15 13:13:13','2015-12-26 19:00:48'),(13,37,89,'Beatae et ut voluptate rem. Magni quia dignissimos nesciunt consequatur odit. Praesentium voluptatem voluptatem est quaerat vitae.',0,1,'2018-06-02 10:53:25','2020-08-31 15:26:09'),(14,94,59,'Velit quasi non recusandae dolore officiis culpa sit. Voluptas consequatur incidunt et repudiandae unde eos voluptatibus explicabo. Asperiores laudantium vel ad quos repudiandae consequatur. Repellat delectus voluptates minus debitis.',1,0,'2019-07-25 01:34:19','2019-08-02 14:48:38'),(15,36,88,'Veritatis ratione quia eos aut. Explicabo commodi sit labore doloribus quas. Asperiores doloremque sunt in quas.',0,1,'2010-10-08 15:29:03','2013-05-03 11:45:39'),(16,60,74,'Pariatur culpa totam nulla magnam inventore ad. Ab dolorem commodi quis atque quia libero delectus. Minima modi facilis soluta impedit beatae. Quidem ut vitae assumenda explicabo.',0,1,'2016-12-07 14:06:55','2020-08-31 15:26:09'),(17,52,90,'Animi cupiditate at et quo unde iste. Sit nam voluptatem nam ipsum. Ratione quas placeat fuga enim laudantium non voluptate. Sed ut ipsa voluptatum unde.',0,0,'2017-11-17 13:09:56','2020-08-31 15:26:09'),(18,31,1,'Temporibus et id nesciunt omnis. Explicabo deserunt sit odit quos aut. Architecto tempora perspiciatis tempora nisi. Tempora nihil in repellat ut enim qui.',1,0,'2015-03-27 16:20:01','2019-06-08 18:18:17'),(19,68,9,'Placeat omnis alias id modi explicabo impedit asperiores minus. Non repellat animi porro eos doloremque veniam eos. Dignissimos minima distinctio exercitationem omnis. Aperiam sequi est harum omnis repellendus voluptatibus commodi aliquid.',0,0,'2011-04-23 10:14:40','2015-02-05 07:46:51'),(20,25,68,'Ut ex omnis et adipisci dolor vel dicta. Numquam itaque deleniti molestiae placeat autem. Ipsum est molestias ut occaecati magni.',1,1,'2018-10-23 03:11:03','2020-08-31 15:26:09'),(21,65,49,'Odio quis quia aliquid ea non voluptas nemo. Possimus sunt sequi quibusdam voluptate quia non. Ut odio voluptatem harum qui commodi in in qui. Harum nobis unde est placeat dolorem ipsum architecto repellat.',0,1,'2013-10-27 11:24:02','2017-01-17 09:57:58'),(22,13,72,'Quis iusto omnis qui neque magni quas illum. Sequi at sint delectus cupiditate mollitia repellat et. Occaecati eos repellat voluptas consequatur itaque laboriosam.',1,0,'2019-03-04 10:32:34','2020-08-31 15:26:09'),(23,28,86,'Ab sed asperiores sint distinctio voluptas ut et. Voluptatum minima dolorem quae.',0,1,'2015-12-25 07:38:55','2016-04-30 05:01:00'),(24,95,98,'Iure dolor nam qui in quisquam. Ut odit pariatur id eveniet fugit. Eos voluptatem blanditiis quasi praesentium sit. Quis sed aperiam nam perspiciatis quo quia dolore autem.',0,1,'2014-08-24 14:56:23','2017-07-13 18:47:50'),(25,26,87,'Et repellat modi explicabo maxime. Reiciendis aut assumenda ducimus voluptatem quo mollitia quis. Excepturi id suscipit suscipit qui.',0,1,'2012-05-24 04:17:37','2015-12-24 16:47:46'),(26,79,23,'Nemo autem molestias delectus iure. Voluptatum tempore rerum quos consequuntur sint voluptates sunt. Id et et vel sunt quis blanditiis. Assumenda voluptatem possimus accusantium deleniti.',1,0,'2020-04-03 12:30:35','2020-08-31 15:26:09'),(27,12,60,'Libero odit provident voluptate omnis numquam. Atque veniam quis et dolorum quis.',0,0,'2010-09-01 14:22:41','2018-03-14 21:56:09'),(28,77,26,'Labore magnam aut sint modi consectetur. Veniam provident qui et sunt. Voluptatem unde error et laborum non pariatur.',1,1,'2011-01-31 22:06:33','2018-02-08 21:18:17'),(29,13,19,'Iure ipsum eligendi non repellat. Perferendis dolorem nisi sed nam aut culpa corporis. Aperiam pariatur itaque animi temporibus.',0,0,'2014-12-21 12:50:32','2016-05-26 01:15:45'),(30,33,49,'Similique consequatur fugiat dignissimos. Similique voluptas voluptatem aut aut necessitatibus. Repudiandae culpa quia est voluptatem. Non ipsum quasi dignissimos qui.',1,1,'2012-09-11 17:57:23','2014-05-04 10:45:05'),(31,12,31,'Voluptatum animi qui officiis voluptas dicta et. At ut est explicabo rerum velit veritatis. Est quisquam veritatis nulla id ex nihil quisquam. Aperiam aperiam et magni rerum neque consectetur et. In nisi eos nemo.',0,1,'2020-04-26 04:16:44','2020-08-31 15:26:09'),(32,27,47,'Hic ratione eaque rem aut officia omnis dicta. At magnam qui dolore eos qui ratione dolorum. Voluptatem asperiores quo in optio autem sint.',1,0,'2014-09-16 09:42:06','2020-02-15 08:42:30'),(33,80,87,'Hic quod ex qui eligendi dolore dolorem esse. Asperiores occaecati officia debitis quisquam enim aut eveniet. Repellat vero et magni placeat vel aut. Molestiae ea excepturi aut aut enim. Saepe corrupti fuga necessitatibus.',0,1,'2017-03-01 17:25:57','2020-08-31 15:26:09'),(34,99,30,'Illum eos alias et saepe molestiae facere. Molestias dolorum omnis deleniti et. Beatae fuga qui alias aliquam. Doloremque maxime cupiditate ipsa consequatur.',1,1,'2019-12-10 23:23:50','2020-08-31 15:26:09'),(35,60,20,'Neque porro doloremque expedita inventore repellendus sint fugiat. Non quisquam distinctio nesciunt ut. Consectetur fuga dignissimos voluptatibus nostrum. Rem ut dolor voluptas pariatur maxime.',0,1,'2019-01-15 16:32:04','2020-08-31 15:26:09'),(36,21,19,'Facere voluptatem odio architecto sit fuga. Soluta sed sequi eos non. Sed officia quas assumenda quo. Qui et ea rerum repellendus recusandae.',0,1,'2011-05-21 18:34:14','2012-06-25 22:10:45'),(37,51,65,'Dicta dolore consequatur cum quaerat commodi eveniet consectetur. Nihil et minus delectus omnis et nemo. Sint minima amet est doloremque. Quod eum dolorem perferendis cumque.',1,1,'2013-04-02 14:36:26','2016-03-18 10:15:52'),(38,28,31,'Suscipit qui non fugiat harum amet quibusdam incidunt atque. Nulla perspiciatis earum voluptas excepturi. Autem veniam consequatur est quos. Ut rerum qui consectetur at.',1,0,'2018-01-15 04:40:24','2020-08-31 15:26:09'),(39,18,11,'Aut quis voluptate est consequatur ea doloremque. Officiis et voluptas quae est labore. Vel quam aperiam dolorem itaque autem. Libero distinctio ipsa magni.',1,1,'2018-07-11 23:37:35','2018-10-05 02:08:11'),(40,5,43,'Ut culpa voluptas dolorem fugit incidunt. Quo ipsum et error soluta in. Omnis cupiditate est ipsum numquam. Culpa et beatae reiciendis quo aut delectus ea voluptate.',0,0,'2012-08-11 09:51:26','2020-08-31 15:26:09'),(41,90,73,'Sit deserunt possimus velit. Commodi dolores voluptatem mollitia fuga facilis. Est dolor dignissimos quibusdam neque et minus. Suscipit consequatur omnis ut distinctio provident est et.',1,0,'2015-02-16 21:59:35','2020-08-31 15:26:09'),(42,48,17,'Iure qui temporibus distinctio fugit voluptatum. Ea omnis consequatur deleniti et. Qui nobis perferendis dolorem id iure tenetur.',0,0,'2015-04-25 11:16:48','2019-03-12 14:05:54'),(43,19,10,'Id similique eveniet doloremque ea reiciendis dicta cupiditate. Adipisci autem dignissimos nihil reprehenderit. Molestiae et provident asperiores soluta nemo maiores. Quos incidunt eligendi dolorem aut quae error.',1,1,'2013-04-24 18:01:25','2020-08-31 15:26:09'),(44,60,30,'Id accusamus impedit commodi quia libero. Consequuntur consequatur officiis culpa voluptatem voluptates voluptatem. Laborum at modi iusto dolores natus est officiis. Dolor voluptatem et blanditiis ad qui aliquam.',0,1,'2013-03-07 22:57:22','2014-01-26 04:46:11'),(45,94,70,'Sunt modi voluptatem soluta fugit consequatur voluptate eius. Autem quasi nam vel quas ea. Ut et aut ut autem velit. Consequuntur distinctio esse dolor nulla.',1,0,'2015-07-23 10:33:28','2020-08-31 15:26:09'),(46,64,68,'Sapiente ad dolorem accusamus eaque aut. Iusto pariatur inventore ab provident cupiditate. Voluptates perferendis reprehenderit explicabo et. Rem facere doloribus facilis totam.',0,0,'2012-03-08 00:16:38','2018-12-14 22:08:28'),(47,90,29,'Error et explicabo impedit. Placeat in dolorem saepe perferendis repudiandae. Deserunt exercitationem dolor accusantium eaque. Enim eius voluptas dignissimos veniam dolor laborum aliquid.',1,0,'2017-05-12 08:01:49','2018-10-02 06:15:14'),(48,29,92,'Provident accusamus consequatur repudiandae quisquam ut ipsum corporis tempora. Maxime illum minus qui sed cumque ut eum. Neque nesciunt est eius.',0,1,'2012-10-24 03:21:19','2019-12-10 05:02:12'),(49,54,35,'Sit architecto dolorem totam quo explicabo. Delectus veritatis corporis culpa sed fugit. Facere et nostrum quis qui aut.',1,0,'2013-09-09 22:45:39','2017-11-15 04:34:05'),(50,2,75,'Voluptates quibusdam non velit. Quos fugit optio sed. Eum rem quos quas voluptas praesentium fugiat dolorum. Necessitatibus corrupti omnis quis qui reprehenderit nulla dolore. Aut esse sed quia aspernatur qui corporis odio.',1,0,'2013-07-18 19:49:21','2020-08-31 15:26:09'),(51,36,44,'Consequatur vero quam officiis saepe harum molestiae. Saepe architecto odio blanditiis. Eum voluptate explicabo rerum odio quae. Eius beatae vero dolorem dolore natus dolore sint. Aut consequatur vel aspernatur animi.',1,1,'2018-07-04 20:20:09','2020-08-31 15:26:09'),(52,93,16,'Libero quia qui suscipit laborum omnis error veritatis. Incidunt animi ipsam autem odit. Fugit voluptatem non commodi nobis. Animi possimus architecto qui eum neque beatae laborum id.',1,1,'2013-10-12 08:45:19','2020-08-31 15:26:09'),(53,69,79,'Adipisci molestiae ea sint. Laboriosam expedita hic placeat fuga quisquam veniam. Natus accusantium aut aut voluptatem. Repudiandae quam repudiandae culpa ex quisquam.',0,1,'2011-10-19 08:40:59','2013-10-28 05:07:35'),(54,66,100,'Perspiciatis provident non veritatis. Suscipit necessitatibus est et neque. Alias non similique mollitia beatae aut.',0,1,'2014-06-13 20:15:25','2016-11-01 13:18:39'),(55,98,18,'Amet libero qui quos aut id ut corrupti recusandae. Iste a officia ut corrupti. Et sint aut quia similique et. Sunt porro ratione praesentium.',1,0,'2017-03-07 13:14:22','2020-08-31 15:26:09'),(56,74,40,'Nam natus omnis qui praesentium. Modi temporibus nobis repellat maiores. In qui ratione dolor soluta voluptatem possimus nesciunt.',0,0,'2018-10-10 00:01:50','2019-07-11 19:04:58'),(57,67,62,'Quia et consequatur in pariatur temporibus dicta. Beatae eius itaque omnis eum vel. Blanditiis ipsam qui consequatur ut.',0,1,'2013-04-26 00:05:55','2014-07-22 09:56:26'),(58,52,67,'Est libero voluptas est quisquam. Perferendis est beatae et accusantium quidem ut id. Dolor vitae eum ea. Facere iure aut iusto voluptatem.',1,1,'2017-05-12 07:56:28','2017-06-30 16:56:00'),(59,44,28,'Quia aliquam velit omnis assumenda praesentium. Molestiae excepturi dolore et cum neque. Et ea fuga quia quia dolorem illo rerum qui. Fugit corporis non ut.',0,1,'2011-11-09 11:29:11','2013-12-21 03:28:32'),(60,55,13,'Velit quasi tenetur voluptatem odio. Enim libero assumenda vel maiores. Magnam sequi non harum tempora delectus. Consequuntur ducimus sunt et sit possimus explicabo. Repellat tempora omnis neque nesciunt est.',1,0,'2017-08-19 12:44:09','2020-08-31 15:26:09'),(61,77,45,'Ut nesciunt voluptatem quod nemo error. Esse nostrum quia aut natus consectetur maxime omnis voluptatibus. Cupiditate ea aut delectus mollitia quis maiores.',0,1,'2016-09-18 23:16:04','2020-08-31 15:26:09'),(62,3,87,'Earum veritatis quidem voluptas non et. Repudiandae rerum quia et maxime quia. Animi eos dolorem repellat occaecati non necessitatibus ullam. Ipsa quam eos sed in porro.',0,1,'2014-06-09 17:31:37','2020-08-31 15:26:09'),(63,82,93,'Sapiente minus asperiores totam nobis rerum earum. Laboriosam quae quo necessitatibus numquam. Cumque magni rerum ex ducimus alias. Dolore est corrupti eius in mollitia possimus adipisci.',1,1,'2014-09-06 05:20:24','2015-08-15 12:52:28'),(64,9,57,'Et assumenda pariatur aut voluptatibus accusantium aut quia. Nulla natus sapiente delectus ipsam culpa. Enim velit suscipit quae.',1,0,'2018-08-25 13:58:35','2020-08-31 15:26:09'),(65,34,91,'Temporibus accusamus deleniti quidem ducimus alias nihil dolore aspernatur. Est natus laboriosam distinctio et. Saepe quasi explicabo maxime adipisci. Modi et optio sint perspiciatis quis.',0,1,'2019-10-21 22:04:40','2020-08-31 15:26:09'),(66,3,55,'Soluta incidunt ipsum molestiae ad omnis. Quidem omnis adipisci sit dignissimos saepe minima. Dignissimos repudiandae similique quisquam quia quaerat.',1,0,'2020-03-16 02:25:36','2020-08-31 15:26:09'),(67,90,55,'Impedit et aut et. Et eos consequuntur iusto unde aut quia et quaerat. Est iusto ea sint et cupiditate dolore provident.',1,1,'2020-06-24 03:17:25','2020-08-31 15:26:09'),(68,10,47,'Veniam eveniet assumenda optio quam qui ut quia. Rerum vitae rerum similique aliquid velit voluptas quos. Excepturi nobis totam sint voluptas dolor molestias facere est. Voluptatibus sunt ex officia accusamus.',1,0,'2011-10-14 02:26:27','2020-08-31 15:26:09'),(69,31,75,'Consequatur quis autem eos est. Autem voluptates quis numquam ut reiciendis ex. Vel voluptatem sunt perspiciatis error non. Dicta et explicabo ab assumenda consequatur et sequi.',0,0,'2015-09-06 02:55:34','2019-12-22 21:03:59'),(70,41,67,'Eos distinctio enim est nihil rem cumque. In ea hic delectus. Delectus aut aut magnam illum magni. Ut fugit perferendis aut ut.',1,1,'2012-08-09 21:50:20','2013-11-09 00:26:42'),(71,93,37,'Nulla aut rerum ad sit numquam. Recusandae doloribus ullam dicta nisi dolores. Praesentium distinctio velit ut blanditiis blanditiis dolore est ad. Adipisci rerum nesciunt ut omnis illum inventore eaque. Blanditiis eos illum sint id laboriosam consequuntur.',1,0,'2015-05-14 03:30:05','2020-08-31 15:26:09'),(72,41,70,'Labore illo nisi sit nobis quisquam. Porro et qui ad dicta autem.',0,0,'2011-12-26 21:01:57','2017-08-05 06:25:03'),(73,67,43,'Iusto ratione modi aut est amet. Ipsum iure aut itaque. Earum et consequatur omnis id.',1,0,'2018-07-26 02:40:45','2020-08-31 15:26:09'),(74,17,8,'Quia vero alias omnis odit aut dolorem rem. Aut dolor consequatur soluta. A ipsam eligendi modi adipisci aut consequatur deleniti.',0,1,'2017-01-28 08:51:45','2020-08-31 15:26:09'),(75,61,90,'Maiores repellat maxime aut blanditiis. Sit nostrum error est molestias rerum tempore labore. Fuga rerum aut aliquid provident.',1,1,'2015-04-16 13:26:50','2020-08-31 15:26:09'),(76,76,31,'Quas et doloremque perferendis asperiores. Est amet porro rem vel voluptatum consequuntur occaecati sit.',1,1,'2012-06-25 21:55:39','2016-11-29 12:38:08'),(77,4,82,'Minus eum quibusdam maiores repellat sapiente voluptatem. Dolores mollitia reiciendis aspernatur facere aut. Repellendus sequi qui nostrum unde sint. Et corrupti voluptatem voluptatem ipsum.',0,0,'2013-10-29 19:10:52','2020-08-31 15:26:09'),(78,56,5,'Sed debitis provident necessitatibus ut. Maxime deleniti consectetur nam id illum molestiae odio. Praesentium commodi nostrum necessitatibus. Facilis architecto ut exercitationem tenetur pariatur. Et cum ut hic numquam voluptatum temporibus consequatur soluta.',1,1,'2013-10-07 10:17:57','2014-12-19 07:10:25'),(79,64,15,'Facere necessitatibus aut officiis. Et enim quo dolores possimus temporibus voluptatibus architecto. Ad dolores doloremque qui animi.',1,0,'2015-02-11 04:18:42','2020-08-31 15:26:09'),(80,96,93,'Vel omnis qui adipisci asperiores ex. Voluptas ea et tempore repellendus laboriosam. Aut culpa fugit provident dolore ipsa blanditiis. Praesentium expedita rerum provident possimus nihil quisquam.',0,1,'2018-04-12 12:10:41','2018-05-23 22:33:04'),(81,51,10,'Doloremque sit recusandae nulla molestiae et eligendi tempora ex. Aut temporibus et odit et fugit quasi.',0,0,'2015-04-30 01:31:04','2020-08-31 15:26:09'),(82,1,71,'Aut accusamus in qui illum nihil dolores odio. Nesciunt debitis sunt ea itaque neque quos. Sunt delectus rerum sit consequatur beatae eos. Modi et explicabo iste quasi dolores.',1,0,'2014-07-05 18:15:29','2017-06-24 06:46:06'),(83,70,46,'Voluptas at facere aliquid quaerat eligendi quia hic incidunt. Iste quisquam dolor corrupti ratione eius voluptatem. Officia quos voluptatem vel enim quisquam. Accusantium commodi quia aut aut quia. Aliquam molestiae sunt numquam ipsam culpa.',0,1,'2013-06-03 23:52:00','2020-08-31 15:26:09'),(84,57,74,'Est repellendus facere labore. Ut natus perferendis ex dolor similique rem. Consequuntur perspiciatis iste quia praesentium et. Voluptas sed doloremque similique quisquam.',0,0,'2018-03-21 03:42:26','2020-08-31 15:26:09'),(85,87,85,'Voluptate amet impedit explicabo veritatis. Nam accusantium aut ut ut assumenda sit. Nihil recusandae sunt quasi nihil suscipit non debitis. Quia at voluptatem dolores consequatur et distinctio in quia.',1,0,'2014-09-11 03:36:49','2016-10-25 17:56:54'),(86,70,43,'Qui tempora voluptas pariatur quam ipsam iusto et. Doloremque et corrupti sapiente sit sed vel quibusdam.',0,0,'2012-12-19 13:05:10','2020-08-31 15:26:09'),(87,100,71,'Cumque cumque architecto et fuga porro animi. Rerum sed sequi omnis adipisci ab voluptas voluptas. In doloribus cumque quam iusto et. Et consequatur rerum molestiae aut.',1,1,'2019-07-24 08:28:22','2020-08-31 15:26:09'),(88,59,67,'Consequatur repellat natus et fugit eaque nostrum adipisci. Sunt mollitia expedita qui voluptas aut. Error necessitatibus qui magnam tenetur non.',1,1,'2012-11-06 08:40:06','2020-08-31 15:26:09'),(89,92,4,'Ab reprehenderit nihil rerum et ipsa qui. Assumenda et animi et architecto. Ipsum necessitatibus omnis et qui sint. Iure id debitis assumenda magnam.',1,1,'2018-07-21 18:13:46','2020-08-31 15:26:09'),(90,23,10,'Est ad beatae quam. Exercitationem et voluptas omnis voluptates voluptas error. Repellat mollitia sequi et dolores et sed. Ullam animi quidem quaerat.',0,0,'2013-05-22 22:32:16','2017-11-22 20:01:38'),(91,72,63,'Aut voluptatem sit blanditiis. Excepturi totam earum veniam ex rerum rerum. Amet dolore unde ex quam assumenda voluptatem voluptates eum.',1,1,'2017-06-28 15:51:32','2020-08-03 16:23:34'),(92,69,61,'Ullam dolores voluptas eligendi consequatur repellat. Qui quod qui et eos dicta omnis. Eligendi deleniti possimus sunt et aut consectetur.',0,1,'2014-11-02 16:22:26','2018-04-13 11:19:39'),(93,83,31,'Neque neque ratione ut rem vel molestias voluptatem. Doloribus optio ipsa rerum et quasi omnis.',1,0,'2014-12-11 09:54:02','2018-12-16 09:37:15'),(94,90,35,'Cumque ut ut totam repellat aliquam nesciunt. Qui ex nostrum et natus necessitatibus. Sapiente sit blanditiis eligendi quidem temporibus quo dolore.',0,0,'2011-10-31 20:14:43','2012-02-19 06:31:20'),(95,77,86,'Blanditiis et et non. Optio ea illum exercitationem et. Voluptatem ad dolor illo velit qui. Eum laborum sint quia dicta mollitia repellendus cupiditate. Expedita maxime reiciendis ex est.',0,1,'2011-09-30 20:26:05','2014-01-23 10:56:29'),(96,32,41,'Enim iure eveniet quis ut qui qui. Sit aut ad illum voluptatem qui voluptas blanditiis. Nam ut dicta porro nulla.',1,0,'2020-08-08 12:56:50','2020-08-31 15:26:09'),(97,32,82,'Aspernatur quae sit ducimus numquam accusantium dolor voluptatem. Suscipit inventore quaerat natus ea reiciendis qui. Aperiam dolorum harum ut necessitatibus quia et. Amet praesentium amet quia veritatis pariatur autem velit.',0,0,'2017-04-30 07:58:24','2020-08-31 15:26:09'),(98,12,55,'Voluptatibus ipsa vel omnis ullam debitis. Expedita earum quia hic. Ab sint illum illo tenetur repellendus unde sunt. Quis esse unde neque esse praesentium labore quam eveniet.',0,1,'2020-06-22 01:44:41','2020-08-31 15:26:09'),(99,69,86,'Qui non quia repudiandae excepturi autem. Aperiam sequi quaerat et tempore deleniti accusamus impedit sunt. Maxime qui libero fugiat veniam quam velit. Qui aut distinctio in aut repudiandae sit. Et numquam minima et sit autem beatae.',0,1,'2016-12-06 03:34:37','2020-08-31 15:26:09'),(100,84,38,'Eum delectus in reprehenderit. Quisquam laudantium eveniet repellat vitae totam dolorum magni eius. Voluptatum ut fugiat suscipit. Est aut fugit aliquid et ullam libero id. Ipsam eos ea porro impedit et quaerat.',1,0,'2016-03-23 23:23:56','2020-08-31 15:26:09');
/*!40000 ALTER TABLE `messages` ENABLE KEYS */;
UNLOCK TABLES;

--
-- Table structure for table `profiles`
--

DROP TABLE IF EXISTS `profiles`;
/*!40101 SET @saved_cs_client     = @@character_set_client */;
/*!50503 SET character_set_client = utf8mb4 */;
CREATE TABLE `profiles` (
  `user_id` int unsigned NOT NULL COMMENT 'Ссылка на пользователя',
  `gender` char(1) CHARACTER SET utf8 COLLATE utf8_unicode_ci NOT NULL COMMENT 'Пол',
  `birthday` date DEFAULT NULL COMMENT 'Дата рождения',
  `photo_id` int unsigned DEFAULT NULL COMMENT 'Ссылка на основную фотографию пользователя',
  `city` varchar(130) CHARACTER SET utf8 COLLATE utf8_unicode_ci DEFAULT NULL COMMENT 'Город проживания',
  `country` varchar(130) CHARACTER SET utf8 COLLATE utf8_unicode_ci DEFAULT NULL COMMENT 'Страна проживания',
  `created_at` datetime DEFAULT CURRENT_TIMESTAMP COMMENT 'Время создания строки',
  `updated_at` datetime DEFAULT CURRENT_TIMESTAMP ON UPDATE CURRENT_TIMESTAMP COMMENT 'Время обновления строки',
  PRIMARY KEY (`user_id`)
) ENGINE=InnoDB DEFAULT CHARSET=utf8 COLLATE=utf8_unicode_ci COMMENT='Профили';
/*!40101 SET character_set_client = @saved_cs_client */;

--
-- Dumping data for table `profiles`
--

LOCK TABLES `profiles` WRITE;
/*!40000 ALTER TABLE `profiles` DISABLE KEYS */;
INSERT INTO `profiles` VALUES (1,'f','2018-07-25',36,'Port Lianachester','France','1999-08-14 17:58:28','2020-08-31 15:38:13'),(2,'f','1982-12-30',81,'Murrayfurt','USA','1996-01-09 21:46:17','2020-08-31 15:38:13'),(3,'f','1979-11-04',99,'Bednarfurt','France','2018-05-18 05:26:57','2020-08-31 15:38:13'),(4,'m','1972-08-12',52,'Dominiquebury','Spain','1993-08-10 11:15:10','2020-08-31 15:38:13'),(5,'f','1972-11-13',60,'Port Macmouth','Germany','1994-07-24 20:47:27','2020-08-31 15:38:13'),(6,'f','2009-10-24',44,'Lake Hildamouth','Spain','2010-03-29 00:12:50','2020-08-31 15:38:13'),(7,'f','1987-08-22',38,'Osinskishire','France','1999-02-06 21:29:31','2020-08-31 15:38:13'),(8,'f','1970-09-29',59,'Funkton','USA','1992-07-23 21:20:44','2020-08-31 15:38:13'),(9,'m','2011-12-23',80,'Runolfsdottirmouth','France','2000-11-02 20:45:30','2020-08-31 15:38:13'),(10,'f','1978-04-26',23,'Artview','USA','1996-03-25 13:33:23','2020-08-31 15:38:13'),(11,'f','1979-11-27',75,'Millerville','Germany','2004-11-08 03:18:55','2020-08-31 15:38:13'),(12,'m','1978-02-26',4,'North Evert','Russian Federation','2002-11-12 02:41:43','2020-08-31 15:38:13'),(13,'m','2004-11-24',94,'Littelbury','Russian Federation','2015-01-31 10:27:22','2020-08-31 15:38:13'),(14,'f','2000-04-21',57,'Whitneychester','USA','1992-02-02 07:20:00','2020-08-31 15:38:13'),(15,'m','1985-06-22',2,'Trentonbury','USA','2011-09-30 06:52:19','2020-08-31 15:38:13'),(16,'m','1991-09-26',41,'Thielfort','Germany','2014-05-01 17:02:29','2020-08-31 15:38:13'),(17,'f','2018-08-16',99,'Port Cassidyland','France','2004-02-28 10:48:16','2020-08-31 15:38:13'),(18,'m','1998-08-07',69,'Howetown','Spain','1992-04-10 08:44:31','2020-08-31 15:38:13'),(19,'m','1974-03-31',47,'Purdychester','France','2015-08-23 16:17:30','2020-08-31 15:38:13'),(20,'f','1982-03-21',28,'Filibertoshire','Germany','2005-07-31 00:14:24','2020-08-31 15:38:13'),(21,'f','1996-10-22',99,'Adamsbury','USA','1995-09-06 04:03:37','2020-08-31 15:38:13'),(22,'m','2001-07-28',9,'Marleeport','Spain','1992-11-24 22:33:23','2020-08-31 15:38:13'),(23,'m','1996-12-22',48,'Craigmouth','Spain','2019-12-03 15:04:38','2020-08-31 15:38:13'),(24,'m','2001-06-04',12,'Langfort','USA','1998-03-19 04:57:38','2020-08-31 15:38:13'),(25,'m','1980-07-20',16,'Josefinatown','Germany','2009-10-13 20:52:23','2020-08-31 15:38:13'),(26,'f','2020-02-14',46,'Altenwerthhaven','USA','2007-07-14 07:04:53','2020-08-31 15:38:13'),(27,'m','2002-09-15',78,'East Darrickbury','Germany','2002-01-25 15:12:58','2020-08-31 15:38:13'),(28,'m','2006-10-25',53,'West Mariah','Russian Federation','2018-05-25 17:41:13','2020-08-31 15:38:13'),(29,'m','2001-08-25',29,'Port Dorian','Germany','2020-07-28 09:24:58','2020-08-31 15:38:13'),(30,'f','1978-05-07',86,'Port Trudie','Spain','1995-01-27 10:08:11','2020-08-31 15:38:13'),(31,'m','1975-06-22',44,'Dawnmouth','USA','2014-04-25 13:00:19','2020-08-31 15:38:13'),(32,'f','2008-11-13',60,'Libbieport','France','2000-04-19 21:41:27','2020-08-31 15:38:13'),(33,'m','1989-05-21',67,'Jonesshire','Germany','2004-07-29 04:09:55','2020-08-31 15:38:13'),(34,'m','2020-01-11',56,'Trevionshire','France','1995-06-21 23:33:05','2020-08-31 15:38:13'),(35,'m','1991-04-23',77,'Kunzemouth','Spain','1997-10-09 01:31:58','2020-08-31 15:38:13'),(36,'f','2018-03-17',16,'Ellenside','USA','2000-10-15 22:36:47','2020-08-31 15:38:13'),(37,'f','2017-08-12',47,'Lavonburgh','Spain','1993-04-28 19:04:39','2020-08-31 15:38:13'),(38,'m','1994-07-15',90,'West Abelardo','France','1995-03-11 14:16:25','2020-08-31 15:38:13'),(39,'m','1987-04-16',8,'West Trebury','USA','2019-09-23 00:49:41','2020-08-31 15:38:13'),(40,'f','1997-10-23',69,'West Gayleport','France','2005-04-08 00:45:06','2020-08-31 15:38:13'),(41,'f','1999-02-13',22,'Evansland','Germany','2020-07-20 17:02:54','2020-08-31 15:38:13'),(42,'m','1981-11-20',2,'North Ayanaview','Russian Federation','2019-05-27 06:12:20','2020-08-31 15:38:13'),(43,'f','1972-02-09',45,'Cleoraside','France','2002-05-14 02:44:54','2020-08-31 15:38:13'),(44,'m','2002-11-22',16,'North Guiseppe','Spain','1998-01-14 01:33:33','2020-08-31 15:38:13'),(45,'m','1991-10-10',46,'Lake Rogelio','Germany','1993-10-17 18:59:41','2020-08-31 15:38:13'),(46,'m','2017-07-03',80,'Daronstad','France','1992-03-29 12:00:25','2020-08-31 15:38:13'),(47,'f','2008-05-25',61,'Port Ashlynn','France','2013-06-13 23:32:48','2020-08-31 15:38:13'),(48,'m','1972-03-16',66,'Bartellchester','Russian Federation','2019-02-20 07:51:57','2020-08-31 15:38:13'),(49,'m','1977-03-29',45,'Klockoside','Spain','2005-07-23 12:57:23','2020-08-31 15:38:13'),(50,'f','1976-04-17',29,'Laurianneport','Germany','2017-06-09 20:25:36','2020-08-31 15:38:13'),(51,'m','2009-07-31',10,'Torpland','Spain','2019-05-08 15:31:53','2020-08-31 15:38:13'),(52,'f','1992-10-30',60,'Port Leopold','Germany','2000-07-11 10:57:54','2020-08-31 15:38:13'),(53,'m','2018-10-09',69,'Vernicehaven','USA','1990-10-07 00:47:04','2020-08-31 15:38:13'),(54,'f','2019-12-22',65,'West Aracely','France','2018-09-22 06:58:06','2020-08-31 15:38:13'),(55,'m','2015-11-07',19,'Dandreview','Spain','2010-11-02 20:36:48','2020-08-31 15:38:13'),(56,'m','1995-01-19',99,'Lake Moises','Germany','2007-01-10 09:30:24','2020-08-31 15:38:13'),(57,'m','2019-01-30',37,'North Viola','Germany','2010-01-01 15:12:14','2020-08-31 15:38:13'),(58,'m','2003-06-12',88,'Lake Sydneefort','France','2004-06-15 16:11:37','2020-08-31 15:38:13'),(59,'f','2008-08-01',26,'Klockoland','France','2018-03-18 01:50:30','2020-08-31 15:38:13'),(60,'m','2009-06-28',68,'South Alphonso','Germany','2006-11-15 04:43:17','2020-08-31 15:38:13'),(61,'f','1973-04-03',61,'Amiefurt','France','2020-08-01 03:00:31','2020-08-31 15:38:13'),(62,'m','1994-12-25',98,'South Lauraport','Germany','1992-06-15 05:12:45','2020-08-31 15:38:13'),(63,'f','1992-07-20',9,'Lake Annaborough','Germany','1992-06-30 10:15:27','2020-08-31 15:38:13'),(64,'m','1971-12-19',52,'Odahaven','USA','2010-11-21 21:39:24','2020-08-31 15:38:13'),(65,'m','1991-05-29',31,'Pietrobury','USA','1998-05-21 05:00:40','2020-08-31 15:38:13'),(66,'f','1997-12-07',99,'East Beatriceport','Germany','2010-11-18 08:46:08','2020-08-31 15:38:13'),(67,'f','2019-09-22',2,'Darenburgh','USA','2017-02-14 14:51:01','2020-08-31 15:38:13'),(68,'f','1970-02-14',12,'Boyerborough','Spain','1991-01-06 20:58:53','2020-08-31 15:38:13'),(69,'m','1987-06-26',55,'Hillardberg','Spain','2005-02-14 08:52:02','2020-08-31 15:38:13'),(70,'f','1992-04-04',38,'Botsfordside','USA','2000-10-30 18:15:30','2020-08-31 15:38:13'),(71,'f','2003-03-25',24,'South Maiyaland','France','2018-09-21 08:57:45','2020-08-31 15:38:13'),(72,'m','1995-09-05',5,'South Richmondmouth','USA','2001-11-16 23:47:00','2020-08-31 15:38:13'),(73,'f','1982-05-02',51,'Huelschester','USA','1994-04-28 14:05:22','2020-08-31 15:38:13'),(74,'f','2012-12-12',42,'North Colten','Germany','1995-12-25 10:50:19','2020-08-31 15:38:13'),(75,'f','2015-06-21',56,'West Sofia','Spain','1995-09-01 03:13:28','2020-08-31 15:38:13'),(76,'f','2015-12-06',55,'Buckridgeburgh','France','1993-08-22 00:24:58','2020-08-31 15:38:13'),(77,'m','2009-10-21',4,'Herzogberg','France','2001-08-19 02:58:46','2020-08-31 15:38:13'),(78,'m','2018-07-30',57,'Mariamville','Germany','2002-06-24 01:00:58','2020-08-31 15:38:13'),(79,'f','1978-12-27',70,'Dickinsonland','Russian Federation','2002-03-16 06:28:11','2020-08-31 15:38:13'),(80,'m','2008-05-24',80,'East Alvinaborough','Germany','2002-11-26 03:24:47','2020-08-31 15:38:13'),(81,'m','1976-08-20',88,'Brianborough','Germany','2009-06-28 15:18:30','2020-08-31 15:38:13'),(82,'m','2002-03-27',99,'Port Haylie','France','2013-05-25 10:56:03','2020-08-31 15:38:13'),(83,'f','1995-11-16',31,'Aileenbury','Germany','2017-08-06 02:13:29','2020-08-31 15:38:13'),(84,'f','1985-08-10',59,'West Jonatanfort','USA','2012-06-13 19:14:22','2020-08-31 15:38:13'),(85,'f','1979-07-18',99,'Lake Destini','Russian Federation','2019-02-14 16:50:59','2020-08-31 15:38:13'),(86,'f','1979-01-21',18,'South Florineton','France','1999-05-16 14:54:19','2020-08-31 15:38:13'),(87,'m','1999-06-27',92,'South Justice','France','2005-07-26 18:44:10','2020-08-31 15:38:13'),(88,'m','1997-02-23',7,'Devinshire','USA','2019-07-08 23:03:18','2020-08-31 15:38:13'),(89,'f','1977-09-10',59,'West Jaida','France','2018-05-16 12:54:36','2020-08-31 15:38:13'),(90,'f','2018-02-06',74,'Treutelton','Russian Federation','2014-11-02 01:18:07','2020-08-31 15:38:13'),(91,'m','1970-10-25',90,'Eliezershire','USA','2020-01-31 08:02:41','2020-08-31 15:38:13'),(92,'m','2013-03-08',29,'Port Iva','Germany','1991-11-10 20:52:45','2020-08-31 15:38:13'),(93,'m','1973-09-19',74,'South Clemmie','Spain','1991-01-01 10:07:55','2020-08-31 15:38:13'),(94,'f','1998-01-26',82,'Gulgowskiberg','USA','1991-09-12 03:46:57','2020-08-31 15:38:13'),(95,'f','2017-06-12',89,'Legrosport','Russian Federation','2012-09-24 01:11:23','2020-08-31 15:38:13'),(96,'f','2018-12-30',97,'Abigaleborough','Germany','2018-10-13 22:18:23','2020-08-31 15:38:13'),(97,'m','1997-01-25',18,'Pfefferstad','France','1999-09-12 06:19:18','2020-08-31 15:38:13'),(98,'m','1971-06-27',99,'North Joanne','USA','1995-08-08 06:29:38','2020-08-31 15:38:13'),(99,'m','2009-01-13',40,'Lake Shanny','Russian Federation','2009-08-22 07:23:39','2020-08-31 15:38:13'),(100,'m','2005-09-30',2,'Eloymouth','France','1999-08-04 18:06:02','2020-08-31 15:38:13');
/*!40000 ALTER TABLE `profiles` ENABLE KEYS */;
UNLOCK TABLES;

--
-- Table structure for table `users`
--

DROP TABLE IF EXISTS `users`;
/*!40101 SET @saved_cs_client     = @@character_set_client */;
/*!50503 SET character_set_client = utf8mb4 */;
CREATE TABLE `users` (
  `id` int unsigned NOT NULL AUTO_INCREMENT COMMENT 'Идентификатор строки',
  `first_name` varchar(100) CHARACTER SET utf8 COLLATE utf8_unicode_ci NOT NULL COMMENT 'Имя пользователя',
  `last_name` varchar(100) CHARACTER SET utf8 COLLATE utf8_unicode_ci NOT NULL COMMENT 'Фамилия пользователя',
  `email` varchar(100) CHARACTER SET utf8 COLLATE utf8_unicode_ci NOT NULL COMMENT 'Почта',
  `phone` varchar(100) CHARACTER SET utf8 COLLATE utf8_unicode_ci NOT NULL COMMENT 'Телефон',
  `created_at` datetime DEFAULT CURRENT_TIMESTAMP COMMENT 'Время создания строки',
  `updated_at` datetime DEFAULT CURRENT_TIMESTAMP ON UPDATE CURRENT_TIMESTAMP COMMENT 'Время обновления строки',
  PRIMARY KEY (`id`),
  UNIQUE KEY `email` (`email`),
  UNIQUE KEY `phone` (`phone`)
) ENGINE=InnoDB AUTO_INCREMENT=101 DEFAULT CHARSET=utf8 COLLATE=utf8_unicode_ci COMMENT='Пользователи';
/*!40101 SET character_set_client = @saved_cs_client */;

--
-- Dumping data for table `users`
--

LOCK TABLES `users` WRITE;
/*!40000 ALTER TABLE `users` DISABLE KEYS */;
INSERT INTO `users` VALUES (1,'Josefina','Bechtelar','apurdy@example.com','1-269-386-9678x22208','1999-08-14 17:58:28','2019-10-21 04:55:50'),(2,'Terrence','Cummerata','rturcotte@example.com','488-995-7065','1996-01-09 21:46:17','2020-03-04 05:18:56'),(3,'Clementina','Emard','mfranecki@example.com','(889)592-2553x8842','2018-05-18 05:26:57','2019-11-18 22:23:08'),(4,'Tyreek','Klocko','erica.crooks@example.com','340.145.6388','1993-08-10 11:15:10','2020-03-12 22:08:02'),(5,'Dave','Heller','volkman.eladio@example.org','1-480-262-2545','1994-07-24 20:47:27','2020-01-04 15:46:28'),(6,'Brando','Balistreri','jonathan50@example.com','1-250-979-1839x43024','2010-03-29 00:12:50','2020-07-07 09:03:41'),(7,'Roxane','Beer','vauer@example.net','01925339307','1999-02-06 21:29:31','2020-08-13 21:03:13'),(8,'Arnaldo','Morissette','lblick@example.com','1-532-247-0520x56198','1992-07-23 21:20:44','2019-11-13 07:26:49'),(9,'Pinkie','Fadel','esta.moore@example.net','+80(5)2223343692','2000-11-02 20:45:30','2020-01-26 12:25:22'),(10,'Darrell','Abbott','rowena11@example.org','(808)615-7541','1996-03-25 13:33:23','2020-03-18 16:49:06'),(11,'Mustafa','Kihn','collins.dina@example.org','129-590-0815','2004-11-08 03:18:55','2020-04-23 16:54:58'),(12,'Fae','Brown','suzanne42@example.com','(471)256-1477','2002-11-12 02:41:43','2020-06-18 06:44:44'),(13,'Jeffrey','Bradtke','destiny89@example.net','106-392-5584','2015-01-31 10:27:22','2020-05-22 16:38:07'),(14,'Shawn','Mueller','scremin@example.com','1-358-391-5352x9505','1992-02-02 07:20:00','2020-06-14 12:57:05'),(15,'Miller','Rolfson','zane.senger@example.org','08893942862','2011-09-30 06:52:19','2020-01-04 02:28:11'),(16,'Green','O\'Kon','spencer.west@example.com','(566)864-0171','2014-05-01 17:02:29','2019-08-20 15:26:05'),(17,'Buck','Tromp','marcelo.flatley@example.org','1-658-254-7454x24638','2004-02-28 10:48:16','2020-01-10 22:39:37'),(18,'Marisol','Breitenberg','itzel.becker@example.org','1-375-515-6728x154','1992-04-10 08:44:31','2019-12-13 00:40:49'),(19,'Jerald','Murazik','darrick.waters@example.net','321.611.4297x06697','2015-08-23 16:17:30','2019-08-18 05:32:52'),(20,'Dominic','Pollich','lang.shakira@example.com','+50(1)9106046029','2005-07-31 00:14:24','2020-01-28 02:37:36'),(21,'Brant','Kreiger','randall.schneider@example.org','838-488-4927x70826','1995-09-06 04:03:37','2020-03-20 07:54:35'),(22,'Jamie','Wunsch','marks.nayeli@example.com','391-800-5222x9714','1992-11-24 22:33:23','2019-09-14 16:02:40'),(23,'Oral','Hermann','morissette.kaela@example.com','088-410-2383x86296','2019-12-03 15:04:38','2020-08-31 14:56:38'),(24,'Hertha','Reynolds','purdy.wendell@example.net','(813)149-0787','1998-03-19 04:57:38','2020-04-25 20:45:08'),(25,'Vergie','Schuster','amalia83@example.org','(478)288-9211','2009-10-13 20:52:23','2020-02-05 23:24:38'),(26,'Henriette','Koepp','alejandra10@example.org','434-492-2282','2007-07-14 07:04:53','2020-02-02 11:47:59'),(27,'Callie','Turner','davis.colby@example.net','098.277.3329x3974','2002-01-25 15:12:58','2020-08-04 02:44:35'),(28,'Arvilla','Hagenes','ryan20@example.net','(336)551-0321x64609','2018-05-25 17:41:13','2020-01-16 09:09:03'),(29,'Eliezer','Greenfelder','akautzer@example.org','1-345-837-4578x35284','2020-07-28 09:24:58','2020-08-31 14:56:38'),(30,'Abbigail','Leannon','eschamberger@example.net','173.654.5072x99662','1995-01-27 10:08:11','2020-01-29 19:20:20'),(31,'Golda','Rice','julian.heidenreich@example.org','631-049-4426x971','2014-04-25 13:00:19','2020-07-13 10:20:07'),(32,'Karina','Braun','ghaag@example.org','03636091719','2000-04-19 21:41:27','2019-12-30 18:20:57'),(33,'Ronaldo','Smitham','drake28@example.net','778-977-4616x89728','2004-07-29 04:09:55','2020-03-20 19:09:35'),(34,'Sigmund','Fadel','gregoria52@example.org','+77(4)1119177227','1995-06-21 23:33:05','2020-05-06 11:44:13'),(35,'Kylie','Rowe','carter.erling@example.com','+90(2)7035323419','1997-10-09 01:31:58','2020-03-04 23:02:16'),(36,'Nella','Price','treva75@example.net','734-559-8676','2000-10-15 22:36:47','2019-09-11 15:12:17'),(37,'Darrin','Mante','libbie.green@example.org','1-065-629-5055','1993-04-28 19:04:39','2020-07-28 13:08:35'),(38,'Kenny','Boyle','cesar.murray@example.com','1-459-331-7360x120','1995-03-11 14:16:25','2019-12-22 19:59:35'),(39,'Graciela','Roberts','dashawn.bruen@example.org','615-921-2828x173','2019-09-23 00:49:41','2020-04-15 07:16:12'),(40,'Jayde','Grimes','powlowski.raphaelle@example.net','+27(4)7617311868','2005-04-08 00:45:06','2020-05-23 18:38:57'),(41,'Althea','Toy','corene70@example.org','(581)762-9446','2020-07-20 17:02:54','2020-08-31 14:56:38'),(42,'Layla','Lehner','ukassulke@example.org','391-584-4744','2019-05-27 06:12:20','2020-05-10 10:48:45'),(43,'Zander','Lueilwitz','alexzander.olson@example.net','466.130.1250x1000','2002-05-14 02:44:54','2019-10-18 00:58:22'),(44,'Noelia','Mraz','chyna.dooley@example.org','04159437294','1998-01-14 01:33:33','2019-10-23 04:40:06'),(45,'Viola','Jacobs','annabel64@example.com','+00(8)2631471907','1993-10-17 18:59:41','2020-03-03 21:37:05'),(46,'Reyes','Brown','schinner.brenda@example.org','1-085-909-1290x9515','1992-03-29 12:00:25','2020-02-21 02:41:19'),(47,'Ewell','Mertz','stracke.fredrick@example.org','1-340-242-4206','2013-06-13 23:32:48','2019-11-19 03:44:15'),(48,'Evan','VonRueden','elinor65@example.org','(994)796-2543','2019-02-20 07:51:57','2020-02-29 03:43:30'),(49,'Kenya','Mraz','waters.eldred@example.net','06690527059','2005-07-23 12:57:23','2019-12-01 16:57:08'),(50,'Tyrel','Schowalter','mrunte@example.com','+64(2)0968643342','2017-06-09 20:25:36','2019-09-25 20:11:53'),(51,'Brycen','Terry','maya.cruickshank@example.com','252-491-4513x35334','2019-05-08 15:31:53','2019-12-03 16:40:09'),(52,'Tabitha','Cartwright','kennedy.larkin@example.org','+88(1)2096653460','2000-07-11 10:57:54','2020-03-06 18:20:50'),(53,'Bailey','Bashirian','steuber.maudie@example.org','1-653-906-0115x08510','1990-10-07 00:47:04','2020-05-23 11:04:56'),(54,'Elizabeth','Effertz','rose.dicki@example.com','163-641-1924','2018-09-22 06:58:06','2020-01-08 21:54:44'),(55,'Jamaal','Walter','ferry.quentin@example.com','+73(2)6726787564','2010-11-02 20:36:48','2019-08-30 18:47:03'),(56,'Lesly','Mann','jude.nicolas@example.org','316.318.2309x55907','2007-01-10 09:30:24','2020-07-17 01:50:43'),(57,'Quinton','Kohler','hoyt07@example.com','(825)702-5184','2010-01-01 15:12:14','2019-11-14 01:26:41'),(58,'Ryleigh','Hegmann','ashleigh48@example.net','799.343.0099x88010','2004-06-15 16:11:37','2020-06-14 04:32:41'),(59,'Forest','Krajcik','stiedemann.herminia@example.org','1-622-987-9150x97198','2018-03-18 01:50:30','2020-07-03 14:33:37'),(60,'Emanuel','Kerluke','ryley.rice@example.net','101-915-2364','2006-11-15 04:43:17','2020-08-06 15:04:41'),(61,'Madaline','Hintz','allie.wiegand@example.net','268-617-5972x4277','2020-08-01 03:00:31','2020-08-31 14:56:38'),(62,'Kaya','Larson','brohan@example.org','(355)420-1204','1992-06-15 05:12:45','2019-08-30 06:32:57'),(63,'Alexandrine','Schumm','natalia08@example.net','497-248-4618','1992-06-30 10:15:27','2020-01-15 03:32:54'),(64,'Andreane','Botsford','pthompson@example.net','999-735-6720x680','2010-11-21 21:39:24','2020-07-31 08:37:20'),(65,'Green','Bergnaum','jones.elwyn@example.com','163-231-5367x74752','1998-05-21 05:00:40','2019-08-29 08:08:31'),(66,'Flavio','Considine','gregory66@example.com','08191345129','2010-11-18 08:46:08','2020-03-09 13:51:58'),(67,'Shanny','Gleason','helen30@example.com','269.167.9526x451','2017-02-14 14:51:01','2020-01-16 08:27:46'),(68,'Hassan','Moore','ernser.richmond@example.com','026.330.5480','1991-01-06 20:58:53','2020-01-06 02:38:26'),(69,'Garth','Pfannerstill','xrath@example.net','755.374.1188x736','2005-02-14 08:52:02','2019-12-24 03:27:15'),(70,'Mitchell','Ankunding','shea.volkman@example.com','1-102-411-0659','2000-10-30 18:15:30','2019-11-10 17:06:00'),(71,'Demond','Cruickshank','effertz.destin@example.com','306.715.3688','2018-09-21 08:57:45','2020-01-28 03:13:08'),(72,'Karina','Harris','trantow.isobel@example.org','02882961610','2001-11-16 23:47:00','2020-04-23 13:08:32'),(73,'Pasquale','Halvorson','jgleichner@example.org','689-214-8742','1994-04-28 14:05:22','2019-12-26 19:56:24'),(74,'Nellie','Windler','sigrid.kuphal@example.com','302.703.4281x799','1995-12-25 10:50:19','2019-12-04 04:12:52'),(75,'Estelle','Hilll','qblanda@example.com','05899391602','1995-09-01 03:13:28','2019-09-29 11:01:01'),(76,'Ezequiel','Jerde','marlon09@example.org','230.494.7276x19728','1993-08-22 00:24:58','2019-10-31 13:16:41'),(77,'Leslie','Oberbrunner','padberg.theodora@example.net','967.337.2688','2001-08-19 02:58:46','2019-08-24 04:19:01'),(78,'Pearlie','Friesen','arthur.kautzer@example.com','385.566.3271x155','2002-06-24 01:00:58','2020-07-18 09:05:10'),(79,'Edwardo','Leannon','sabryna.goldner@example.net','568-725-7859x8812','2002-03-16 06:28:11','2020-03-03 06:40:47'),(80,'Berenice','Zieme','reece.marvin@example.net','287-016-2731x091','2002-11-26 03:24:47','2020-02-25 03:31:55'),(81,'Magnolia','Armstrong','emelia.hamill@example.org','583.253.2102','2009-06-28 15:18:30','2020-07-16 18:28:08'),(82,'Darrin','Lehner','jarvis01@example.org','1-122-794-6225','2013-05-25 10:56:03','2020-07-13 16:23:28'),(83,'Jennyfer','Feil','acollins@example.net','833-636-8517x6315','2017-08-06 02:13:29','2020-02-20 15:42:38'),(84,'Gilbert','Rowe','cassandra.bergstrom@example.org','(768)339-0594','2012-06-13 19:14:22','2019-11-02 19:54:58'),(85,'Meda','O\'Connell','velma.jaskolski@example.com','604.910.0854','2019-02-14 16:50:59','2020-03-24 15:27:38'),(86,'Chandler','Lehner','wcarroll@example.org','(252)928-6202x54578','1999-05-16 14:54:19','2020-03-26 17:17:19'),(87,'Bertha','Breitenberg','aglae.lowe@example.net','544-487-2656x8244','2005-07-26 18:44:10','2020-02-17 13:45:56'),(88,'Emilia','Erdman','wwunsch@example.org','194.304.0149x905','2019-07-08 23:03:18','2020-06-29 06:16:33'),(89,'Archibald','Hickle','porter.labadie@example.net','489.141.6592x879','2018-05-16 12:54:36','2020-08-13 19:28:52'),(90,'Stephon','Hickle','anicolas@example.net','(455)282-0454x42287','2014-11-02 01:18:07','2019-10-29 03:03:32'),(91,'Karson','Koelpin','orlo.powlowski@example.org','(133)375-0689','2020-01-31 08:02:41','2020-04-09 20:51:42'),(92,'Libby','Stoltenberg','myrtle54@example.org','708-348-6067x7038','1991-11-10 20:52:45','2019-11-02 09:15:51'),(93,'Marlin','Mann','camila08@example.net','1-178-066-9756x015','1991-01-01 10:07:55','2020-06-15 17:13:12'),(94,'Vincenzo','Sporer','zschroeder@example.net','(897)561-1845x03642','1991-09-12 03:46:57','2019-12-25 15:58:39'),(95,'Armand','Raynor','dereck.brown@example.net','+98(8)0399306973','2012-09-24 01:11:23','2020-07-11 08:37:54'),(96,'Jaiden','Kozey','eloise74@example.org','740.553.5759x386','2018-10-13 22:18:23','2019-12-30 21:39:51'),(97,'Onie','Waters','beatrice94@example.net','988.445.7455','1999-09-12 06:19:18','2020-02-19 04:26:29'),(98,'Hortense','Roob','cameron.koch@example.org','05576684293','1995-08-08 06:29:38','2020-01-07 00:23:10'),(99,'Justus','Block','ruthe49@example.net','1-360-047-6707','2009-08-22 07:23:39','2020-03-04 02:41:54'),(100,'Jazmyne','Prosacco','meda22@example.org','671.813.0679x032','1999-08-04 18:06:02','2020-07-06 05:35:24');
/*!40000 ALTER TABLE `users` ENABLE KEYS */;
UNLOCK TABLES;
/*!40103 SET TIME_ZONE=@OLD_TIME_ZONE */;

/*!40101 SET SQL_MODE=@OLD_SQL_MODE */;
/*!40014 SET FOREIGN_KEY_CHECKS=@OLD_FOREIGN_KEY_CHECKS */;
/*!40014 SET UNIQUE_CHECKS=@OLD_UNIQUE_CHECKS */;
/*!40101 SET CHARACTER_SET_CLIENT=@OLD_CHARACTER_SET_CLIENT */;
/*!40101 SET CHARACTER_SET_RESULTS=@OLD_CHARACTER_SET_RESULTS */;
/*!40101 SET COLLATION_CONNECTION=@OLD_COLLATION_CONNECTION */;
/*!40111 SET SQL_NOTES=@OLD_SQL_NOTES */;

-- Dump completed on 2020-08-31 16:45:57
