-- MySQL dump 10.13  Distrib 8.0.21, for Linux (x86_64)
--
-- Host: localhost    Database: clink
-- ------------------------------------------------------
-- Server version	8.0.21

/*!40101 SET @OLD_CHARACTER_SET_CLIENT=@@CHARACTER_SET_CLIENT */;
/*!40101 SET @OLD_CHARACTER_SET_RESULTS=@@CHARACTER_SET_RESULTS */;
/*!40101 SET @OLD_COLLATION_CONNECTION=@@COLLATION_CONNECTION */;
/*!50503 SET NAMES utf8mb4 */;
/*!40103 SET @OLD_TIME_ZONE=@@TIME_ZONE */;
/*!40103 SET TIME_ZONE='+00:00' */;
/*!40014 SET @OLD_UNIQUE_CHECKS=@@UNIQUE_CHECKS, UNIQUE_CHECKS=0 */;
/*!40014 SET @OLD_FOREIGN_KEY_CHECKS=@@FOREIGN_KEY_CHECKS, FOREIGN_KEY_CHECKS=0 */;
/*!40101 SET @OLD_SQL_MODE=@@SQL_MODE, SQL_MODE='NO_AUTO_VALUE_ON_ZERO' */;
/*!40111 SET @OLD_SQL_NOTES=@@SQL_NOTES, SQL_NOTES=0 */;

--
-- Table structure for table `categories`
--

DROP TABLE IF EXISTS `categories`;
/*!40101 SET @saved_cs_client     = @@character_set_client */;
/*!50503 SET character_set_client = utf8mb4 */;
CREATE TABLE `categories` (
  `id` int unsigned NOT NULL,
  `name` varchar(50) CHARACTER SET utf8 COLLATE utf8_unicode_ci NOT NULL COMMENT 'Название категории',
  `availability` tinyint(1) DEFAULT NULL,
  `created_at` datetime DEFAULT CURRENT_TIMESTAMP,
  `updated_at` datetime DEFAULT CURRENT_TIMESTAMP ON UPDATE CURRENT_TIMESTAMP,
  PRIMARY KEY (`id`),
  KEY `categories_name_idx` (`name`)
) ENGINE=InnoDB DEFAULT CHARSET=utf8 COLLATE=utf8_unicode_ci COMMENT='Категории товаров';
/*!40101 SET character_set_client = @saved_cs_client */;

--
-- Dumping data for table `categories`
--

LOCK TABLES `categories` WRITE;
/*!40000 ALTER TABLE `categories` DISABLE KEYS */;
INSERT INTO `categories` VALUES (1,'non',1,'2015-07-06 22:23:59','2013-12-12 17:56:45'),(2,'sit',1,'2018-11-11 13:10:49','2016-03-30 11:52:23'),(3,'nisi',1,'2010-11-04 14:18:47','2013-08-30 16:58:50'),(4,'inventore',0,'2013-09-10 06:12:59','2014-12-23 10:19:55'),(5,'doloremque',0,'2019-12-15 14:39:53','2014-04-03 20:19:17'),(6,'autem',1,'2020-02-26 14:33:55','2013-12-26 09:29:15'),(7,'et',0,'2018-10-21 03:23:31','2020-04-13 09:31:11'),(8,'consequatur',0,'2010-12-14 07:00:20','2015-08-04 09:18:13'),(9,'eius',1,'2020-06-07 04:06:04','2012-04-05 05:14:55'),(10,'in',0,'2010-11-29 02:55:15','2016-10-28 21:01:26'),(11,'sunt',0,'2011-11-29 09:18:37','2017-02-23 14:00:27'),(12,'officiis',0,'2013-06-12 20:13:51','2019-08-02 08:34:50'),(13,'qui',1,'2014-12-15 03:19:53','2019-04-24 20:00:44'),(14,'minus',1,'2011-03-24 23:13:46','2011-09-30 01:48:42'),(15,'voluptas',1,'2019-09-15 01:31:05','2017-11-28 03:06:27'),(16,'ratione',0,'2018-12-15 15:32:29','2013-03-28 13:07:14'),(17,'porro',1,'2016-03-01 22:22:40','2011-07-16 09:43:18'),(18,'et',0,'2016-04-21 01:37:37','2019-11-09 15:08:46'),(19,'accusantium',0,'2012-12-29 07:28:43','2013-01-21 23:18:55'),(20,'quam',1,'2020-08-17 13:03:50','2012-07-17 23:51:25');
/*!40000 ALTER TABLE `categories` ENABLE KEYS */;
UNLOCK TABLES;

--
-- Table structure for table `client_payment_methods`
--

DROP TABLE IF EXISTS `client_payment_methods`;
/*!40101 SET @saved_cs_client     = @@character_set_client */;
/*!50503 SET character_set_client = utf8mb4 */;
CREATE TABLE `client_payment_methods` (
  `id` bigint unsigned NOT NULL AUTO_INCREMENT,
  `client_id` int unsigned NOT NULL,
  `payment_method_id` int unsigned NOT NULL,
  `account_number` bigint unsigned DEFAULT NULL,
  PRIMARY KEY (`id`),
  KEY `client_payment_methods_account_number_idx` (`account_number`),
  KEY `client_payment_methods_payment_method_id_fk` (`payment_method_id`),
  KEY `client_payment_methods_client_id_fk` (`client_id`),
  CONSTRAINT `client_payment_methods_client_id_fk` FOREIGN KEY (`client_id`) REFERENCES `clients` (`id`) ON DELETE CASCADE,
  CONSTRAINT `client_payment_methods_payment_method_id_fk` FOREIGN KEY (`payment_method_id`) REFERENCES `payment_methods` (`id`) ON DELETE CASCADE
) ENGINE=InnoDB AUTO_INCREMENT=21 DEFAULT CHARSET=utf8 COLLATE=utf8_unicode_ci COMMENT='Способы оплаты клиента';
/*!40101 SET character_set_client = @saved_cs_client */;

--
-- Dumping data for table `client_payment_methods`
--

LOCK TABLES `client_payment_methods` WRITE;
/*!40000 ALTER TABLE `client_payment_methods` DISABLE KEYS */;
INSERT INTO `client_payment_methods` VALUES (1,1,1,178045402412),(2,2,2,476159539334),(3,3,3,331522964256),(4,4,4,521703026878),(5,5,5,444775989890),(6,6,6,257065242212),(7,7,1,186392642234),(8,8,2,104252254756),(9,9,3,793757338978),(10,10,4,800961702490),(11,11,5,337544381412),(12,12,6,983924979934),(13,13,1,873581979256),(14,14,2,717168189478),(15,15,3,742149078890),(16,16,4,237968157512),(17,17,5,907949153934),(18,18,6,308461274156),(19,19,1,370512437578),(20,20,2,599088375390);
/*!40000 ALTER TABLE `client_payment_methods` ENABLE KEYS */;
UNLOCK TABLES;
/*!50003 SET @saved_cs_client      = @@character_set_client */ ;
/*!50003 SET @saved_cs_results     = @@character_set_results */ ;
/*!50003 SET @saved_col_connection = @@collation_connection */ ;
/*!50003 SET character_set_client  = utf8mb4 */ ;
/*!50003 SET character_set_results = utf8mb4 */ ;
/*!50003 SET collation_connection  = utf8mb4_0900_ai_ci */ ;
/*!50003 SET @saved_sql_mode       = @@sql_mode */ ;
/*!50003 SET sql_mode              = 'ONLY_FULL_GROUP_BY,STRICT_TRANS_TABLES,NO_ZERO_IN_DATE,NO_ZERO_DATE,ERROR_FOR_DIVISION_BY_ZERO,NO_ENGINE_SUBSTITUTION' */ ;
DELIMITER ;;
/*!50003 CREATE*/ /*!50017 DEFINER=`root`@`localhost`*/ /*!50003 TRIGGER `log_client_payment_methods` AFTER UPDATE ON `client_payment_methods` FOR EACH ROW BEGIN
	INSERT INTO logs (table_name, record_id, record_target)
	VALUES ('client_payment_methods', NEW.id, NEW.account_number);
END */;;
DELIMITER ;
/*!50003 SET sql_mode              = @saved_sql_mode */ ;
/*!50003 SET character_set_client  = @saved_cs_client */ ;
/*!50003 SET character_set_results = @saved_cs_results */ ;
/*!50003 SET collation_connection  = @saved_col_connection */ ;

--
-- Table structure for table `clients`
--

DROP TABLE IF EXISTS `clients`;
/*!40101 SET @saved_cs_client     = @@character_set_client */;
/*!50503 SET character_set_client = utf8mb4 */;
CREATE TABLE `clients` (
  `id` int unsigned NOT NULL,
  `organisation` tinyint(1) DEFAULT NULL COMMENT 'Тип заказчика',
  `org_name` varchar(100) CHARACTER SET utf8 COLLATE utf8_unicode_ci DEFAULT NULL COMMENT 'Название организации',
  `first_name` varchar(100) CHARACTER SET utf8 COLLATE utf8_unicode_ci DEFAULT NULL COMMENT 'Имя клиента',
  `last_name` varchar(100) CHARACTER SET utf8 COLLATE utf8_unicode_ci DEFAULT NULL COMMENT 'Фамилия клиента',
  `birthday` date DEFAULT NULL COMMENT 'Дата рождения',
  `email` varchar(100) CHARACTER SET utf8 COLLATE utf8_unicode_ci NOT NULL COMMENT 'Электронная почта',
  `login` varchar(50) CHARACTER SET utf8 COLLATE utf8_unicode_ci NOT NULL COMMENT 'Учетная запись',
  `pass_hash` varchar(255) CHARACTER SET utf8 COLLATE utf8_unicode_ci NOT NULL COMMENT 'Хэш пароля',
  `phone` varchar(20) CHARACTER SET utf8 COLLATE utf8_unicode_ci NOT NULL COMMENT 'Номер телефона',
  `region` varchar(100) CHARACTER SET utf8 COLLATE utf8_unicode_ci DEFAULT NULL COMMENT 'Область нахождения клиента',
  `address` varchar(100) CHARACTER SET utf8 COLLATE utf8_unicode_ci DEFAULT NULL COMMENT 'Адрес клиента',
  `discount` tinyint unsigned DEFAULT NULL COMMENT 'Скидка',
  `created_at` datetime DEFAULT CURRENT_TIMESTAMP,
  `updated_at` datetime DEFAULT CURRENT_TIMESTAMP ON UPDATE CURRENT_TIMESTAMP,
  PRIMARY KEY (`id`),
  UNIQUE KEY `email` (`email`),
  UNIQUE KEY `login` (`login`),
  UNIQUE KEY `clients_email_idx` (`email`),
  KEY `clients_first_name_last_name_idx` (`first_name`,`last_name`)
) ENGINE=InnoDB DEFAULT CHARSET=utf8 COLLATE=utf8_unicode_ci COMMENT='Клиенты';
/*!40101 SET character_set_client = @saved_cs_client */;

--
-- Dumping data for table `clients`
--

LOCK TABLES `clients` WRITE;
/*!40000 ALTER TABLE `clients` DISABLE KEYS */;
INSERT INTO `clients` VALUES (1,1,'ex','Myra','Eichmann','1990-10-04','shana.braun@example.org','sint','610f6f646e2e694f02ab798f0494a9700b60a174','+65(4)0461815471','Iowa','746 Franecki Road\nTeaganside, ID 97130',5,'2020-02-17 16:41:02','2020-04-25 14:18:49'),(2,1,'numquam','Edythe','Rempel','1973-08-23','ubaldo.lueilwitz@example.com','qui','78668db18e5c4457a4fd79c0593a8be8b318af17','257.977.8567x8951','Connecticut','20588 Bell Dam\nSolonside, NC 29380-5391',44,'2020-09-06 13:36:39','2020-08-26 04:30:54'),(3,1,'cumque','Jalyn','Cummerata','1980-07-01','ukutch@example.net','vel','34804776527b7c0eeee48a448dc4b7b64452f8b9','853.311.4902','Maryland','818 Marcellus River Suite 946\nUllrichshire, SD 97941',20,'2020-07-14 20:23:47','2020-10-10 04:38:19'),(4,1,'debitis','Angelina','Rosenbaum','1989-11-30','vkeeling@example.com','ut','1518143a6aa34b92aa42a84b1a08e4a052628580','1-384-074-1796','Washington','1936 Predovic Mountains Apt. 057\nPort Tomasamouth, NC 25842',16,'2020-07-28 23:19:54','2020-05-14 10:46:35'),(5,0,'','Gregg','Jakubowski','2006-07-09','mherman@example.net','voluptatibus','3784ecc23f877d574159dae8a2ba5c1fde2ba07f','091.840.1743x3013','Oklahoma','23653 Lavada Mews Apt. 968\nEast Gunner, AR 34642-0665',8,'2020-05-02 18:21:21','2020-10-11 22:26:24'),(6,0,'','Aric','Gulgowski','1986-10-30','qhills@example.org','illo','a12420df87e96c735a4ce8f69f9b870ae05f4c16','547.784.9310x279','Michigan','3784 Goldner Islands\nEast Ashton, VT 84179-9538',39,'2020-02-05 03:30:28','2020-10-11 22:26:51'),(7,0,'','Ana','Kulas','1977-07-06','zdooley@example.org','doloribus','c12c1dba6ad6de27b2ac80e0556e91c08c82ddd1','496-830-9797x92195','Nebraska','7153 Bailey Mission Apt. 103\nFannymouth, IA 60367',33,'2019-11-23 11:41:18','2020-10-11 22:26:51'),(8,1,'sapiente','Chester','Luettgen','2020-08-01','bulah90@example.org','nulla','04ecbb8718b3ace23c4b427f998fe6fb1c1e3c56','09937284727','Wyoming','260 Andres Squares\nHaventown, ME 16761-5165',0,'2020-08-06 07:10:02','2020-05-29 04:04:03'),(9,1,'sed','Jodie','McLaughlin','1989-01-06','lhaag@example.com','enim','6911996b35c87069ab847e2ffb5842ac1a418f22','1-022-670-5969','Arizona','51883 Fatima Corners Apt. 528\nLake Loraine, WI 16483',36,'2020-04-12 05:17:09','2020-03-06 04:45:44'),(10,1,'ipsam','Imani','Gerlach','2001-01-11','dpowlowski@example.org','dolorem','3b32156fb7ac02402dd5bbd0ff2decfdddc7aa07','(929)675-9035x29013','California','201 Murray Bypass\nEast Sofia, WY 33696-9619',41,'2019-11-15 02:59:46','2020-03-17 06:35:13'),(11,0,'','Alphonso','Donnelly','1993-08-01','skyla.ward@example.com','possimus','19ed7a9eec7b5a32d7ae5bef09d175ac3f2f5a8a','03408696797','Massachusetts','86617 Kshlerin Coves\nNorth Amparotown, TX 33453-3585',18,'2020-09-11 05:59:25','2020-10-11 22:26:51'),(12,1,'et','Wayne','Mann','2020-08-20','treutel.vicky@example.org','quia','b231fe859236c2be185239be4fe1f0085a1b079e','+87(2)5320292284','Colorado','89480 Dakota Ville Apt. 695\nSouth Oriontown, CT 86112',3,'2020-09-16 10:55:36','2019-11-18 00:54:45'),(13,1,'ut','May','Pagac','1981-02-28','orion77@example.org','quidem','3b5f1d6a28f945115f38cee8e6efe37126b91b04','183-915-4606x2815','Connecticut','545 Kuhn Neck Suite 156\nLake Dahlia, AR 84045',30,'2020-06-17 18:50:34','2019-12-19 10:06:59'),(14,0,'','Sadie','Blick','1998-04-17','stokes.terrill@example.net','voluptatem','f3e4176b4a9a7c26a1f0590f4cd60fa5f00662d1','+76(4)6458963455','Washington','7034 Monahan Land Suite 617\nHartmannchester, SD 50842',28,'2020-08-31 02:06:37','2020-10-11 22:26:51'),(15,0,'','Sherman','Erdman','1989-11-02','graciela44@example.net','nemo','10a14e55186e2c720f5d9fc99f98c3720ad7c298','1-540-922-6846x6003','Arkansas','841 Stracke Port Apt. 950\nPort Priscilla, LA 98599',10,'2020-01-07 03:05:02','2020-10-11 22:26:52'),(16,0,'','Efren','Collins','2009-10-03','aracely64@example.org','cumque','7b5fa615f9160dcf185b182b8759cf827dec13b4','(331)035-0863x370','Missouri','5864 Mayert Keys\nSipesfurt, SD 62225',34,'2020-02-14 23:30:56','2020-10-11 22:26:52'),(17,0,'','Matilde','Halvorson','1988-07-12','orrin.gerhold@example.net','cum','0948fc1fb275d6c79d94011e41a28bfd35e19075','047-498-9707x772','Vermont','9899 Dustin Landing Suite 250\nKovacekside, AK 30324',3,'2020-02-16 01:42:58','2020-10-11 22:26:52'),(18,1,'esse','Frederik','Padberg','2007-05-03','colton71@example.com','explicabo','f5ce198275a9d7a0c63c884f6b311fe5f682584c','572.665.9653x43410','Kentucky','496 O\'Keefe Union Suite 979\nEast Mortimer, ID 47183',10,'2019-10-20 23:37:08','2020-03-10 00:14:55'),(19,0,'','Houston','Reinger','1981-04-12','gbogisich@example.com','tenetur','74093fbc8d3d5802a0b1ab8fbdf029bde425a319','1-313-291-0645','Utah','4734 Mariano Light Apt. 435\nWest Bella, CA 32588-7993',41,'2020-04-26 21:44:01','2020-10-11 22:26:52'),(20,1,'dolor','Felipe','Lockman','1992-05-18','leffler.alexane@example.org','sed','0e17f9ea34de246eec4c3bd4026a8c8d4ae5e9dd','786-281-5811x392','Washington','716 Elenor Underpass\nNorth Judgeville, PA 12120-2203',50,'2020-04-26 05:30:03','2020-01-14 16:24:24');
/*!40000 ALTER TABLE `clients` ENABLE KEYS */;
UNLOCK TABLES;
/*!50003 SET @saved_cs_client      = @@character_set_client */ ;
/*!50003 SET @saved_cs_results     = @@character_set_results */ ;
/*!50003 SET @saved_col_connection = @@collation_connection */ ;
/*!50003 SET character_set_client  = utf8mb4 */ ;
/*!50003 SET character_set_results = utf8mb4 */ ;
/*!50003 SET collation_connection  = utf8mb4_0900_ai_ci */ ;
/*!50003 SET @saved_sql_mode       = @@sql_mode */ ;
/*!50003 SET sql_mode              = 'ONLY_FULL_GROUP_BY,STRICT_TRANS_TABLES,NO_ZERO_IN_DATE,NO_ZERO_DATE,ERROR_FOR_DIVISION_BY_ZERO,NO_ENGINE_SUBSTITUTION' */ ;
DELIMITER ;;
/*!50003 CREATE*/ /*!50017 DEFINER=`root`@`localhost`*/ /*!50003 TRIGGER `log_clients` AFTER INSERT ON `clients` FOR EACH ROW BEGIN
	INSERT INTO logs (table_name, record_id, record_target)
	VALUES ('clients', NEW.id, NEW.last_name);
END */;;
DELIMITER ;
/*!50003 SET sql_mode              = @saved_sql_mode */ ;
/*!50003 SET character_set_client  = @saved_cs_client */ ;
/*!50003 SET character_set_results = @saved_cs_results */ ;
/*!50003 SET collation_connection  = @saved_col_connection */ ;

--
-- Temporary view structure for view `clients_20_40`
--

DROP TABLE IF EXISTS `clients_20_40`;
/*!50001 DROP VIEW IF EXISTS `clients_20_40`*/;
SET @saved_cs_client     = @@character_set_client;
/*!50503 SET character_set_client = utf8mb4 */;
/*!50001 CREATE VIEW `clients_20_40` AS SELECT 
 1 AS `first_name`,
 1 AS `last_name`,
 1 AS `email`*/;
SET character_set_client = @saved_cs_client;

--
-- Table structure for table `deliveries`
--

DROP TABLE IF EXISTS `deliveries`;
/*!40101 SET @saved_cs_client     = @@character_set_client */;
/*!50503 SET character_set_client = utf8mb4 */;
CREATE TABLE `deliveries` (
  `id` int unsigned NOT NULL,
  `order_id` int unsigned DEFAULT NULL,
  `invoice_id` int unsigned DEFAULT NULL,
  `tracking_number` bigint unsigned DEFAULT NULL COMMENT 'Номер для отслеживания',
  `delivery_date` date DEFAULT NULL COMMENT 'Дата доставки',
  `details` varchar(255) CHARACTER SET utf8 COLLATE utf8_unicode_ci DEFAULT NULL COMMENT 'Детали доставки',
  PRIMARY KEY (`id`),
  UNIQUE KEY `tracking_number` (`tracking_number`),
  KEY `deliveries_tracking_number_idx` (`tracking_number`),
  KEY `deliveries_order_id_fk` (`order_id`),
  KEY `deliveries_invoice_id_fk` (`invoice_id`),
  CONSTRAINT `deliveries_invoice_id_fk` FOREIGN KEY (`invoice_id`) REFERENCES `invoices` (`id`) ON DELETE SET NULL,
  CONSTRAINT `deliveries_order_id_fk` FOREIGN KEY (`order_id`) REFERENCES `orders` (`id`) ON DELETE SET NULL
) ENGINE=InnoDB DEFAULT CHARSET=utf8 COLLATE=utf8_unicode_ci COMMENT='Доставки';
/*!40101 SET character_set_client = @saved_cs_client */;

--
-- Dumping data for table `deliveries`
--

LOCK TABLES `deliveries` WRITE;
/*!40000 ALTER TABLE `deliveries` DISABLE KEYS */;
INSERT INTO `deliveries` VALUES (1,1,1,8114,'2019-12-24','Inventore nesciunt architecto in voluptatem. Eligendi architecto veniam similique aut. Fuga velit aliquid quia necessitatibus.'),(2,2,2,543631,'2019-11-05','Minus minus deserunt quia quia accusamus est veritatis. Vero sint ut numquam occaecati rerum mollitia. Et rerum et fugiat consequatur ipsam.'),(3,3,3,303232808,'2019-11-24','Assumenda et quia enim libero velit non earum. Rerum sint cumque debitis ad pariatur cum id. Sequi consequatur laborum et et rerum reprehenderit sed.'),(4,4,4,7,'2020-09-23','Placeat impedit reiciendis rerum labore nobis. Cupiditate fugiat sint provident voluptatem sed voluptas. Molestias et deserunt saepe quas id inventore.'),(5,5,5,8747292,'2020-07-19','Iste inventore officia excepturi voluptate dolore fugiat natus. Non explicabo aperiam eaque beatae mollitia et. Laborum ea fuga libero tenetur odit.'),(6,6,6,734558,'2020-07-09','Vero repudiandae blanditiis neque commodi. Nesciunt aut iste consequatur expedita voluptas ratione et.'),(7,7,7,799,'2020-07-26','Neque quia ad sit ex ex repellendus temporibus. Ut delectus consequatur dolore labore in. Consequuntur praesentium cumque necessitatibus nisi.'),(8,8,8,92994,'2019-11-11','Quia laborum et et sed. Magnam consequuntur voluptatem nobis aperiam. Qui repellat voluptatem est eos eos quia. Ut assumenda odit necessitatibus eum molestias ea.'),(9,9,9,5990,'2020-04-08','Consequatur magni ut veniam nostrum asperiores. Sit sed aut similique quia est. Est consequuntur aut est perspiciatis atque vero.'),(10,10,10,0,'2019-12-30','Et odio placeat molestiae aut maiores facilis soluta. Voluptas consequatur ducimus totam quia eius. Id est eligendi qui illum harum.'),(11,11,11,274000,'2019-10-25','Dolorum quo quidem autem provident amet. Quidem eveniet provident commodi nisi iure quis. Est suscipit laborum ut ad.'),(12,12,12,8,'2019-10-27','Sit omnis cumque et expedita tempore itaque vel. Aliquam inventore omnis aut excepturi mollitia. Quisquam ratione et eaque molestias qui cupiditate harum autem.'),(13,13,13,41309,'2020-07-21','Sunt autem tempora dolor animi id dolor doloribus. Nam libero similique quo deleniti blanditiis. Animi incidunt est dolor voluptate eum quae id. Sed commodi totam sed recusandae consequatur quos.'),(14,14,14,3420968,'2020-09-19','Quo vitae iusto porro sed consequatur veritatis at dolores. Nisi distinctio sunt iste ratione libero. Est et omnis velit sed vel hic.'),(15,15,15,72,'2020-07-05','Adipisci recusandae aspernatur aliquam eveniet sint et autem. Architecto ab a sint esse animi iure quaerat illum. Iusto quaerat occaecati odit dignissimos veritatis eaque.'),(16,16,16,3843,'2020-09-04','Repellat eos vitae alias nulla. Modi enim id ex accusamus veniam maiores quam. Eaque eaque a ratione illum. Rerum libero eum ut dolorem et qui. Est perferendis fugiat labore vel.'),(17,17,17,948,'2020-06-02','Quisquam reiciendis quas quis eum eveniet aut. Soluta explicabo voluptatem reiciendis. Nemo vel autem nesciunt quia aut magnam molestias. Non perspiciatis quia non ad provident.'),(18,18,18,5099166,'2020-04-30','Ad voluptate et at quod rerum rerum quod eveniet. Necessitatibus asperiores et quia ut eum itaque corporis. Sed numquam repudiandae numquam rerum.'),(19,19,19,534375,'2020-08-28','Voluptates recusandae qui et neque cumque veniam. Nihil molestias ut sint illo qui dolor. Rerum ab et sed ratione magnam numquam ut. Quo vitae quisquam rerum.'),(20,20,20,758052,'2020-03-10','Eligendi porro a laborum tempore explicabo eos ratione dolor. Autem maxime sit odit earum non. At placeat reiciendis quisquam.'),(21,21,21,83317078,'2020-08-28','Aut aliquid sint voluptatem ipsam est. Dolorem quis aliquam non ex. Sit dolorem quibusdam sapiente numquam. Enim accusamus fugit sit sit quis vero nihil. Ratione nesciunt labore et.'),(22,22,22,8495,'2020-07-20','Unde error aut laborum. Et dolores quae unde esse. Quisquam qui enim minus perspiciatis doloribus consequatur.\nIn iste ipsa quae. Repellat ullam et labore.'),(23,23,23,9927287,'2020-06-02','Beatae architecto est fuga natus. Vel eum impedit in suscipit. Velit ut animi et velit similique.'),(24,24,24,857980217,'2020-02-02','Provident quia impedit animi. Ex voluptas praesentium placeat. Cum reiciendis provident sapiente fugit accusantium. Sint minus qui sit.'),(25,25,25,2220,'2020-05-06','Quod quia deleniti cupiditate placeat quis dolore. Tenetur qui aut aut qui.\nCumque nostrum nemo itaque quisquam quis tempora soluta. Numquam sed esse ipsam provident est nostrum aperiam.'),(26,26,26,30,'2020-04-14','Alias omnis et aperiam. Sequi qui earum voluptatem reiciendis hic. Qui veritatis et voluptas recusandae quidem voluptate sed aut. Voluptatem eum optio dicta vel voluptatem.'),(27,27,27,567344545,'2020-09-20','Quo dicta ipsum tempore laboriosam magni ducimus quia. Qui dolorem quae laborum debitis sit autem rerum nulla. Quia voluptatem necessitatibus perspiciatis doloribus.'),(28,28,28,96992008,'2020-06-23','Unde deleniti aut natus mollitia sint. Doloremque et consequuntur quo deleniti repellendus accusantium doloribus. Quia consectetur voluptatum provident omnis doloribus iste.'),(29,29,29,8091,'2020-07-19','Quia voluptatum porro non ipsum quidem vel. Nemo nulla est dolorum est laudantium. Debitis aut saepe ad hic perferendis assumenda porro ullam. Debitis et recusandae voluptatem dolorem voluptatibus.'),(30,30,30,29181,'2020-03-06','Id sequi omnis corporis. Illo doloremque placeat veritatis libero aut est non voluptatem. Est nostrum ea unde hic incidunt est dolores dolores.'),(31,31,31,50064903,'2020-04-30','Iusto quia et qui quo. Unde voluptatem commodi harum qui et. Optio dolorum nihil eaque sed est aut. Eius esse totam unde non sed mollitia.'),(32,32,32,6987,'2020-08-07','Eum distinctio sit accusamus non porro repellendus assumenda. Iusto et officiis praesentium facere eaque magnam voluptatem. Quo rem eveniet eum sit voluptas.'),(33,33,33,81,'2020-05-04','Molestiae id sed sint laboriosam molestiae blanditiis nesciunt quo. Est ipsam in omnis asperiores ipsum ut. Exercitationem et qui nulla aliquid et neque ab.'),(34,34,34,930,'2019-12-11','Voluptatum nam dolore nulla reiciendis delectus. In tenetur ipsam velit sint accusantium. Dolorem corrupti qui facere rem.'),(35,35,35,179195811,'2020-02-01','At ipsam ut quia corrupti quae. Repellendus dolorem voluptas adipisci enim laudantium. Quas voluptas eos sit laborum. Ducimus qui ea sed et aut delectus.'),(36,36,36,34,'2020-05-02','Aut similique fugiat minus tempora non. Qui aspernatur blanditiis aliquid maiores quam et. Molestias illo ea dolores aliquam.'),(37,37,37,2302256,'2020-02-20','Eos minima veritatis est laboriosam quia recusandae debitis repellendus. Necessitatibus dolor magni quibusdam similique culpa laborum atque.'),(38,38,38,87,'2020-02-05','Quia ea repudiandae ut ex. Aut magnam amet et. Qui delectus sunt praesentium vitae deleniti voluptatum necessitatibus. Molestiae ut repellendus quo itaque odit est atque.'),(39,39,39,71,'2020-07-30','Ad iusto dolorum et incidunt sapiente enim fugiat. Quidem voluptatem amet repellendus aut corrupti. Ea incidunt alias assumenda.'),(40,40,40,192629944,'2019-10-25','At ut assumenda autem aut. Quibusdam rerum omnis praesentium atque. Autem consequatur expedita fugiat.\nQui perferendis sequi ea eum. Autem mollitia aperiam autem id voluptatem temporibus nulla.'),(41,41,41,7347,'2020-01-28','Error quis voluptatum inventore vero. Fuga quae maiores eveniet et at. Dolorum quisquam cupiditate occaecati nihil voluptatibus. Minima culpa dolorum soluta similique exercitationem.'),(42,42,42,586043,'2020-01-19','Doloremque et laudantium maxime minima. Non nesciunt quisquam eos. Laborum consequatur ducimus sunt consectetur dignissimos nihil dolorum.'),(43,43,43,62598,'2020-01-04','Praesentium cupiditate ratione harum reprehenderit ea. Eius enim suscipit quo deleniti itaque et. Est incidunt et ex unde ea. Praesentium ea et iste dolor voluptas quis.'),(44,44,44,57402522,'2020-04-27','Officiis corrupti perferendis sit ut non tempore id. Accusamus illo esse reiciendis rerum id est quos. In sit laborum enim molestiae. Veniam aut sint voluptatum laudantium rerum et et.'),(45,45,45,64180808,'2019-10-31','Vero repudiandae cupiditate accusamus est. Iusto autem ut ab sunt. Corporis qui quo et rem ad quisquam rem. Nesciunt ea excepturi ea quos aut repudiandae sapiente est.'),(46,46,46,594257,'2020-05-29','Est ab a provident autem sunt. Optio fugiat similique deserunt delectus et et. In repellendus laborum rerum.'),(47,47,47,85,'2020-08-28','Et saepe architecto quis accusantium est cum. Aut architecto iusto laborum aut dolores corrupti ullam veritatis. Tenetur debitis culpa dolorem dolorum optio.'),(48,48,48,7664297,'2020-08-26','Incidunt est illo ab nostrum laboriosam. Ab ab facere quos. Tempora molestiae fuga molestiae quia aspernatur omnis.'),(49,49,49,413015,'2020-08-16','Dolores quia perferendis consectetur tenetur ea. Eius ut voluptate rerum qui voluptatibus quis eius sint. Ea quibusdam dolore culpa vero voluptas ipsam aliquam.'),(50,50,50,3924718,'2020-01-25','Enim quis et aliquam voluptatem qui blanditiis cupiditate qui. Alias voluptatibus nobis molestiae facere temporibus voluptate eum. Odio eum consequuntur laboriosam ullam perferendis.'),(51,51,51,534264,'2020-03-25','Est eum porro facere et. Quis ex asperiores error voluptates et. Quas in molestiae id voluptas. Ut aperiam quis earum asperiores temporibus est rerum.'),(52,52,52,5,'2019-11-22','Doloribus excepturi perferendis at voluptatem. Unde dolor nisi facilis totam earum consequatur consequatur.'),(53,53,53,744,'2020-01-07','Enim sequi qui voluptas expedita. Consequatur occaecati voluptatem vel voluptas et molestiae omnis repellendus. Optio aspernatur officiis similique qui.'),(54,54,54,43781272,'2020-01-23','Dolorum corrupti et vero recusandae doloremque nemo repellendus quia. Earum nostrum aut possimus fugiat in repudiandae deleniti.'),(55,55,55,6347,'2020-05-26','Et sint nihil enim praesentium. A similique quidem voluptatem natus dolores et et. Quas qui non ut sit. Aliquam in sed et et maxime et totam.'),(56,56,56,933410,'2020-08-08','Aliquid quis pariatur quasi voluptates enim magnam et distinctio. Dolor dolor quia qui recusandae qui est. Reiciendis ipsa quia saepe quidem. Nesciunt rerum eum tempore sapiente unde autem.'),(57,57,57,771578,'2020-08-02','Quaerat modi optio consequatur quia temporibus. Amet aut qui sunt. Et et quisquam ratione molestiae cumque velit nihil.'),(58,58,58,380902,'2020-06-08','Quia ratione expedita itaque ipsa sequi et et veniam. Voluptates aut ratione assumenda culpa. Aut magnam amet reiciendis odit eveniet qui molestiae. Aperiam doloremque reiciendis aut molestiae.'),(59,59,59,4250952,'2020-04-01','Error aliquam et provident sed fugiat error. Dolor necessitatibus tempora consequatur rem et voluptas quo. Aut quod et itaque praesentium sed vel delectus omnis. Omnis veniam esse est molestiae.'),(60,60,60,9,'2020-06-01','Est voluptatem vitae veniam nemo. Nihil debitis non totam sed saepe consequatur eos. Est quibusdam dolores ad. Distinctio totam quae quia unde non.'),(61,61,61,2782,'2020-03-22','Vitae nobis harum et neque voluptatem voluptates. Facere quia ut eveniet voluptates doloremque reprehenderit illo.'),(62,62,62,6642112,'2020-01-30','Asperiores blanditiis est amet aliquid et culpa. Autem amet ut ipsum. Quo sed voluptatum quia occaecati.'),(63,63,63,914228,'2020-06-13','Voluptas tempora blanditiis non placeat amet praesentium. Fuga sit et eum consequatur. Non ab debitis maiores magni quasi minima.'),(64,64,64,927,'2020-08-29','Distinctio aspernatur sunt recusandae quam quae sunt. Sint quis dolor ut odio voluptates. In aut molestias repellendus iure reprehenderit numquam aut. Vero dolor neque et.'),(65,65,65,27,'2019-12-10','Pariatur et excepturi ratione dolorem qui consectetur. Molestiae delectus atque deserunt rerum ex ut sint. Repellendus quis non accusantium qui. Omnis voluptatem necessitatibus suscipit soluta.'),(66,66,66,83990,'2020-02-21','Fugit aut aut blanditiis voluptas consequatur. Rerum et omnis a debitis. Excepturi sunt aspernatur praesentium odit officiis tempora enim qui. Praesentium similique et ullam beatae.'),(67,67,67,38,'2020-06-16','Magni sed similique atque ea aliquam dolorum nesciunt. Ex reiciendis corporis quia quas dolorem.'),(68,68,68,23465590,'2019-12-31','Reprehenderit ipsam nobis sapiente necessitatibus quia ea. Laborum provident repellendus impedit. Ex quo explicabo nobis quis voluptatibus non facilis odit.'),(69,69,69,538211,'2020-04-25','Sint dolor sed exercitationem in. Quod voluptatem et earum et. Beatae dicta nisi repellendus ea aperiam quo.'),(70,70,70,3637,'2019-12-23','Qui mollitia voluptatem iste quisquam voluptatem. Sapiente modi voluptatem at aut. Quam repudiandae dicta et ipsa cum.'),(71,71,71,6976179,'2020-05-17','Neque repudiandae dolorem nihil voluptatum sit consectetur. Dolorem sit praesentium autem nisi. Laborum aliquam quia voluptatem rerum.'),(72,72,72,964688652,'2020-04-10','Odit numquam cum consequatur assumenda est et. Sit dolorem ut ullam ipsa. Reprehenderit fugiat et odit est dolor et et.'),(73,73,73,835769504,'2020-03-14','Possimus magni suscipit temporibus magni molestiae incidunt qui accusantium. Id qui provident quis pariatur enim sunt. A voluptates deleniti praesentium quos.'),(74,74,74,140391509,'2020-05-10','Delectus eum fuga sunt quos perspiciatis esse enim facere. Dicta sequi perferendis quidem corporis ut. Reiciendis doloribus et qui enim enim.'),(75,75,75,85682,'2020-01-27','Quo possimus et exercitationem provident. Impedit dolorem molestias ut autem sunt et similique. Est laborum consequuntur est accusantium.'),(76,76,76,943,'2020-01-26','Iure sed natus accusamus. Exercitationem ut non et totam maxime. Fuga amet aliquam quo.'),(77,77,77,741558178,'2020-05-30','Eaque tenetur quas nihil recusandae et. Error id deleniti officiis animi iste quod. Culpa et id deserunt ipsam commodi quasi sint. Id provident nesciunt voluptates asperiores qui.'),(78,78,78,458,'2019-11-05','Pariatur ducimus voluptatibus dolor quo commodi. Aliquid ipsa occaecati quo et et reiciendis enim. Accusamus et laborum modi quia qui occaecati.'),(79,79,79,42562,'2019-11-19','Sint qui quibusdam nostrum quibusdam minima. Illum delectus ut repellat et nulla ut quia ut. Id dignissimos asperiores et repudiandae est.'),(80,80,80,77023,'2020-02-26','Nostrum voluptate iure qui sed in sequi veniam. Beatae error commodi rerum aut nihil beatae. Inventore deleniti vel facere aut distinctio.'),(81,81,81,9907,'2020-04-20','Magnam et ut eos nihil. Sed aut molestias id repellat repellat. Possimus quam quasi dolores provident nobis sit qui.'),(82,82,82,5079,'2020-07-18','Minima eveniet voluptatem odio nisi iure labore deserunt. Non non est incidunt. Ipsum veniam est repellendus animi perspiciatis. Veniam omnis cum minus maiores animi quo voluptates aspernatur.'),(83,83,83,643016,'2020-07-09','Quidem nesciunt ea qui consequuntur. Ut ut in fugiat. Pariatur dolorem nemo rerum quidem qui repellendus. Dolor amet non placeat iure ut aut corporis.'),(84,84,84,820,'2020-02-13','Rerum quis quia vel deserunt quae velit. Alias unde eaque est aliquam. Sit velit reiciendis iure amet iusto accusantium quo.'),(85,85,85,6291,'2020-05-19','Et eveniet quia et beatae. Perspiciatis voluptates est nihil doloribus ipsam veniam aut. Iste ea esse velit maiores praesentium facere sit earum. Eligendi quasi laudantium quibusdam omnis sunt qui.'),(86,86,86,234920,'2020-05-26','Eos laboriosam molestiae repudiandae. Rerum debitis est et ut quae. Distinctio modi sed nemo autem ratione eum.'),(87,87,87,788556,'2020-08-16','Labore ut quo voluptas natus. Ut quo saepe tempore. Voluptas ullam similique omnis facere ut necessitatibus fugit.'),(88,88,88,7626046,'2019-11-23','Cum velit rerum occaecati est ut voluptates itaque aut. Veritatis ut repellendus omnis et in et. Consequuntur dolor sunt aut ullam.'),(89,89,89,6630,'2020-06-20','Et assumenda earum dicta. Perferendis id eum laudantium. Qui quos molestias atque sed ut impedit. Non ut sit totam amet laborum voluptates.'),(90,90,90,853217,'2020-07-17','Ea ut molestiae voluptas. Harum mollitia aut natus. Repellendus minus sit enim harum iure blanditiis nihil.'),(91,91,91,65231,'2020-08-08','Culpa ex cum dolorum deserunt sapiente. Quo cumque et aliquam sit unde et nihil. Fugit suscipit dolore maxime qui amet aliquam ratione.'),(92,92,92,97,'2020-03-26','Mollitia quisquam aut eius quis tempora occaecati. Delectus architecto et minus sapiente. Repudiandae aut consequatur consequatur.'),(93,93,93,3110744,'2019-12-07','Qui ut doloribus qui odit cumque commodi. Dolorem quo quia quasi cum aperiam. Aspernatur quasi dolor repellendus et maxime.'),(94,94,94,79,'2020-02-03','Rerum et aperiam libero deleniti quia. Eos porro quae est provident voluptas fugit. Porro quaerat autem ut et excepturi quia.'),(95,95,95,92463,'2020-05-03','Nihil molestiae facere ullam molestias doloremque corrupti voluptas deserunt. Incidunt ea ut ipsam quis. Quo cumque tempora accusamus praesentium. Velit quasi aut quam perspiciatis.'),(96,96,96,40466474,'2020-06-19','Dolorem id laboriosam corrupti recusandae. Atque qui deleniti quia cum repudiandae. Odio illum nihil sed voluptatem expedita minima.'),(97,97,97,67926404,'2020-02-06','Sunt fugiat rem praesentium quia facere totam et. Voluptas nesciunt quo dolores iusto sit. Sit fuga maxime commodi cupiditate commodi.'),(98,98,98,548362,'2020-09-08','Deserunt hic illo minus quod. Quo voluptas et asperiores sequi. Et molestiae quia cumque aspernatur tempora.'),(99,99,99,243,'2020-02-11','Modi sed quod in voluptatem. Hic est animi temporibus sit. Possimus reprehenderit nostrum repudiandae officia esse.'),(100,100,100,6300,'2020-07-20','Similique molestiae velit debitis repellendus placeat. Eum animi reiciendis ut fugiat blanditiis itaque. Velit ipsa ex eos sed aspernatur blanditiis velit. Deleniti quisquam qui libero.');
/*!40000 ALTER TABLE `deliveries` ENABLE KEYS */;
UNLOCK TABLES;

--
-- Table structure for table `delivery_items`
--

DROP TABLE IF EXISTS `delivery_items`;
/*!40101 SET @saved_cs_client     = @@character_set_client */;
/*!50503 SET character_set_client = utf8mb4 */;
CREATE TABLE `delivery_items` (
  `id` bigint unsigned NOT NULL AUTO_INCREMENT,
  `delivery_id` int unsigned DEFAULT NULL,
  `order_item_id` int unsigned DEFAULT NULL,
  PRIMARY KEY (`id`),
  KEY `delivery_items_delivery_id_fk` (`delivery_id`),
  KEY `delivery_items_order_item_id_fk` (`order_item_id`),
  CONSTRAINT `delivery_items_delivery_id_fk` FOREIGN KEY (`delivery_id`) REFERENCES `deliveries` (`id`) ON DELETE SET NULL,
  CONSTRAINT `delivery_items_order_item_id_fk` FOREIGN KEY (`order_item_id`) REFERENCES `order_items` (`id`) ON DELETE SET NULL
) ENGINE=InnoDB AUTO_INCREMENT=171 DEFAULT CHARSET=utf8 COLLATE=utf8_unicode_ci COMMENT='Позиции для доставки';
/*!40101 SET character_set_client = @saved_cs_client */;

--
-- Dumping data for table `delivery_items`
--

LOCK TABLES `delivery_items` WRITE;
/*!40000 ALTER TABLE `delivery_items` DISABLE KEYS */;
INSERT INTO `delivery_items` VALUES (1,1,1),(2,2,2),(3,3,3),(4,4,4),(5,5,5),(6,6,6),(7,7,7),(8,8,8),(9,9,9),(10,10,10),(11,11,11),(12,12,12),(13,13,13),(14,14,14),(15,15,15),(16,16,16),(17,17,17),(18,18,18),(19,19,19),(20,20,20),(21,21,21),(22,22,22),(23,23,23),(24,24,24),(25,25,25),(26,26,26),(27,27,27),(28,28,28),(29,29,29),(30,30,30),(31,31,31),(32,32,32),(33,33,33),(34,34,34),(35,35,35),(36,36,36),(37,37,37),(38,38,38),(39,39,39),(40,40,40),(41,41,41),(42,42,42),(43,43,43),(44,44,44),(45,45,45),(46,46,46),(47,47,47),(48,48,48),(49,49,49),(50,50,50),(51,51,51),(52,52,52),(53,53,53),(54,54,54),(55,55,55),(56,56,56),(57,57,57),(58,58,58),(59,59,59),(60,60,60),(61,61,61),(62,62,62),(63,63,63),(64,64,64),(65,65,65),(66,66,66),(67,67,67),(68,68,68),(69,69,69),(70,70,70),(71,71,71),(72,72,72),(73,73,73),(74,74,74),(75,75,75),(76,76,76),(77,77,77),(78,78,78),(79,79,79),(80,80,80),(81,81,81),(82,82,82),(83,83,83),(84,84,84),(85,85,85),(86,86,86),(87,87,87),(88,88,88),(89,89,89),(90,90,90),(91,91,91),(92,92,92),(93,93,93),(94,94,94),(95,95,95),(96,96,96),(97,97,97),(98,98,98),(99,99,99),(100,100,100),(101,1,101),(102,2,102),(103,3,103),(104,4,104),(105,5,105),(106,6,106),(107,7,107),(108,8,108),(109,9,109),(110,10,110),(111,11,111),(112,12,112),(113,13,113),(114,14,114),(115,15,115),(116,16,116),(117,17,117),(118,18,118),(119,19,119),(120,20,120),(121,21,121),(122,22,122),(123,23,123),(124,24,124),(125,25,125),(126,26,126),(127,27,127),(128,28,128),(129,29,129),(130,30,130),(131,31,131),(132,32,132),(133,33,133),(134,34,134),(135,35,135),(136,36,136),(137,37,137),(138,38,138),(139,39,139),(140,40,140),(141,41,141),(142,42,142),(143,43,143),(144,44,144),(145,45,145),(146,46,146),(147,47,147),(148,48,148),(149,49,149),(150,50,150),(151,51,151),(152,52,152),(153,53,153),(154,54,154),(155,55,155),(156,56,156),(157,57,157),(158,58,158),(159,59,159),(160,60,160),(161,61,161),(162,62,162),(163,63,163),(164,64,164),(165,65,165),(166,66,166),(167,67,167),(168,68,168),(169,69,169),(170,70,170);
/*!40000 ALTER TABLE `delivery_items` ENABLE KEYS */;
UNLOCK TABLES;

--
-- Table structure for table `invoice_statuses`
--

DROP TABLE IF EXISTS `invoice_statuses`;
/*!40101 SET @saved_cs_client     = @@character_set_client */;
/*!50503 SET character_set_client = utf8mb4 */;
CREATE TABLE `invoice_statuses` (
  `id` int unsigned NOT NULL,
  `description` varchar(30) COLLATE utf8_unicode_ci DEFAULT NULL,
  PRIMARY KEY (`id`)
) ENGINE=InnoDB DEFAULT CHARSET=utf8 COLLATE=utf8_unicode_ci COMMENT='Статусы накладных';
/*!40101 SET character_set_client = @saved_cs_client */;

--
-- Dumping data for table `invoice_statuses`
--

LOCK TABLES `invoice_statuses` WRITE;
/*!40000 ALTER TABLE `invoice_statuses` DISABLE KEYS */;
INSERT INTO `invoice_statuses` VALUES (1,'nothing to invoice'),(2,'to invoice'),(3,'upselling opportunity'),(4,'fully invoiced');
/*!40000 ALTER TABLE `invoice_statuses` ENABLE KEYS */;
UNLOCK TABLES;

--
-- Table structure for table `invoices`
--

DROP TABLE IF EXISTS `invoices`;
/*!40101 SET @saved_cs_client     = @@character_set_client */;
/*!50503 SET character_set_client = utf8mb4 */;
CREATE TABLE `invoices` (
  `id` int unsigned NOT NULL,
  `order_id` int unsigned DEFAULT NULL,
  `invoice_status_id` int unsigned DEFAULT NULL,
  `invoice_date` date DEFAULT NULL COMMENT 'Дата в накладной',
  `created_at` datetime DEFAULT CURRENT_TIMESTAMP,
  `updated_at` datetime DEFAULT CURRENT_TIMESTAMP ON UPDATE CURRENT_TIMESTAMP,
  PRIMARY KEY (`id`),
  KEY `invoices_order_id_fk` (`order_id`),
  KEY `invoices_invoice_status_id_fk` (`invoice_status_id`),
  CONSTRAINT `invoices_invoice_status_id_fk` FOREIGN KEY (`invoice_status_id`) REFERENCES `invoice_statuses` (`id`) ON DELETE SET NULL,
  CONSTRAINT `invoices_order_id_fk` FOREIGN KEY (`order_id`) REFERENCES `orders` (`id`) ON DELETE SET NULL
) ENGINE=InnoDB DEFAULT CHARSET=utf8 COLLATE=utf8_unicode_ci COMMENT='Накладные';
/*!40101 SET character_set_client = @saved_cs_client */;

--
-- Dumping data for table `invoices`
--

LOCK TABLES `invoices` WRITE;
/*!40000 ALTER TABLE `invoices` DISABLE KEYS */;
INSERT INTO `invoices` VALUES (1,1,1,'2020-06-30','2020-06-11 22:40:58','2020-06-24 21:36:16'),(2,2,2,'2019-11-23','2019-11-23 16:14:41','2020-01-21 17:34:28'),(3,3,3,'2019-12-03','2019-10-28 11:21:26','2019-12-11 21:23:52'),(4,4,4,'2020-08-03','2019-10-11 10:02:50','2020-07-19 08:49:56'),(5,5,1,'2020-07-27','2020-07-03 22:15:57','2020-06-28 06:11:21'),(6,6,2,'2020-02-17','2020-02-25 10:27:42','2020-07-18 01:46:01'),(7,7,3,'2020-03-14','2020-05-11 01:46:10','2020-06-28 12:37:06'),(8,8,4,'2019-12-08','2019-10-13 01:43:20','2019-11-01 04:57:03'),(9,9,1,'2019-12-23','2019-12-04 00:43:00','2020-08-30 10:29:50'),(10,10,2,'2020-08-27','2019-10-23 00:28:13','2020-10-02 01:50:55'),(11,11,3,'2019-12-14','2020-08-26 10:14:16','2020-01-14 08:46:06'),(12,12,4,'2020-08-21','2020-02-18 03:48:47','2020-01-11 02:31:18'),(13,13,1,'2020-05-08','2020-04-06 18:08:14','2020-06-28 01:11:23'),(14,14,2,'2020-09-28','2020-05-12 14:59:42','2020-08-21 15:37:23'),(15,15,3,'2019-10-17','2020-07-09 01:04:10','2019-11-14 03:11:08'),(16,16,4,'2019-12-08','2020-05-19 09:42:25','2019-10-12 13:12:54'),(17,17,1,'2020-01-26','2020-01-28 04:14:30','2020-05-01 00:12:58'),(18,18,2,'2020-09-14','2020-03-10 09:41:33','2019-10-26 03:21:25'),(19,19,3,'2020-03-09','2019-11-02 20:31:56','2020-02-20 12:45:11'),(20,20,4,'2020-09-26','2019-10-16 14:45:00','2020-09-27 10:02:54'),(21,21,1,'2019-10-29','2020-01-20 08:04:46','2019-10-30 08:19:56'),(22,22,2,'2019-10-20','2020-03-05 13:50:24','2020-08-28 08:23:20'),(23,23,3,'2019-11-22','2020-09-30 21:45:33','2020-06-10 01:51:35'),(24,24,4,'2020-09-26','2020-08-04 02:23:50','2020-05-28 09:28:03'),(25,25,1,'2020-04-02','2020-08-08 20:51:20','2020-06-03 04:50:36'),(26,26,2,'2019-12-26','2020-01-11 17:01:01','2020-01-05 14:26:06'),(27,27,3,'2020-06-29','2020-09-27 00:20:36','2020-04-22 14:44:04'),(28,28,4,'2020-02-27','2019-11-26 08:49:50','2020-01-01 19:05:20'),(29,29,1,'2020-06-25','2020-01-11 14:51:32','2020-01-11 15:41:43'),(30,30,2,'2020-03-30','2020-02-06 13:52:41','2020-04-10 08:49:27'),(31,31,3,'2019-11-18','2020-05-30 09:58:00','2020-01-08 01:08:41'),(32,32,4,'2020-10-05','2020-08-20 04:54:32','2020-09-30 08:28:49'),(33,33,1,'2020-05-29','2020-06-09 19:48:01','2020-09-28 07:17:54'),(34,34,2,'2020-04-17','2020-05-22 18:11:26','2019-11-27 08:28:50'),(35,35,3,'2020-07-21','2019-12-10 08:20:50','2020-07-12 08:54:41'),(36,36,4,'2020-04-18','2020-07-29 12:55:36','2019-12-17 03:59:13'),(37,37,1,'2019-10-20','2020-08-09 02:53:31','2019-12-26 20:24:43'),(38,38,2,'2020-02-23','2020-04-30 02:18:48','2020-04-22 10:36:58'),(39,39,3,'2019-10-31','2020-08-13 14:49:27','2020-06-23 13:10:27'),(40,40,4,'2020-09-12','2020-02-21 17:46:50','2020-04-12 16:59:41'),(41,41,1,'2020-10-04','2020-09-07 02:10:45','2020-04-04 17:21:52'),(42,42,2,'2020-02-21','2020-01-30 02:51:36','2020-02-11 11:56:05'),(43,43,3,'2019-10-22','2020-02-22 17:42:15','2020-02-23 04:19:35'),(44,44,4,'2020-08-16','2019-10-15 07:32:11','2020-03-04 06:02:49'),(45,45,1,'2020-04-11','2020-06-01 01:11:43','2020-05-30 04:06:41'),(46,46,2,'2019-12-23','2020-08-04 22:37:39','2020-09-03 09:13:38'),(47,47,3,'2020-05-07','2019-10-31 18:54:19','2020-08-20 06:29:25'),(48,48,4,'2020-06-19','2019-12-27 10:30:38','2020-04-18 21:47:53'),(49,49,1,'2020-02-21','2020-01-21 22:17:24','2020-04-02 18:09:21'),(50,50,2,'2019-11-05','2020-08-16 04:12:19','2020-02-05 11:19:42'),(51,51,3,'2020-05-08','2020-09-21 00:54:34','2020-05-28 01:32:03'),(52,52,4,'2020-06-05','2019-12-14 05:21:05','2020-03-22 10:47:02'),(53,53,1,'2020-06-23','2019-12-30 01:47:39','2020-02-28 06:50:35'),(54,54,2,'2020-01-31','2019-11-02 04:32:33','2020-04-13 12:28:24'),(55,55,3,'2020-09-18','2019-12-12 04:33:16','2019-10-17 01:18:21'),(56,56,4,'2020-09-21','2020-08-13 05:56:56','2019-12-17 02:56:27'),(57,57,1,'2019-10-15','2020-02-24 09:31:15','2020-07-05 10:22:27'),(58,58,2,'2020-08-19','2020-07-10 00:21:43','2020-02-24 12:04:28'),(59,59,3,'2019-11-21','2020-02-13 06:40:25','2020-03-06 02:53:42'),(60,60,4,'2020-01-16','2019-11-05 19:05:19','2019-12-13 10:06:49'),(61,61,1,'2019-12-02','2020-05-27 06:20:05','2020-03-05 19:33:48'),(62,62,2,'2020-04-21','2020-04-12 23:16:05','2019-11-25 20:47:12'),(63,63,3,'2020-05-06','2020-02-16 22:20:31','2020-09-05 08:09:34'),(64,64,4,'2020-02-23','2020-08-17 00:30:39','2020-06-11 07:09:24'),(65,65,1,'2019-11-20','2020-07-12 08:24:24','2020-03-09 04:48:37'),(66,66,2,'2020-09-01','2020-04-20 19:46:47','2019-11-13 06:07:10'),(67,67,3,'2020-03-02','2020-08-17 01:58:37','2019-11-26 00:30:03'),(68,68,4,'2020-02-03','2020-05-10 15:20:28','2020-08-20 00:45:18'),(69,69,1,'2020-05-16','2019-11-22 16:41:34','2020-09-17 04:39:07'),(70,70,2,'2020-05-08','2019-12-04 17:33:27','2020-07-09 20:02:33'),(71,71,3,'2019-10-27','2019-11-30 08:27:31','2019-10-21 07:54:50'),(72,72,4,'2020-02-20','2020-04-21 19:25:32','2020-05-03 11:50:20'),(73,73,1,'2020-09-28','2020-06-11 03:19:55','2020-08-25 13:04:18'),(74,74,2,'2020-05-31','2020-06-04 16:14:55','2019-12-21 02:41:28'),(75,75,3,'2020-06-13','2020-08-26 15:17:21','2019-12-14 14:59:54'),(76,76,4,'2020-07-02','2019-11-07 17:17:12','2020-03-23 18:31:11'),(77,77,1,'2020-04-12','2020-02-12 06:27:17','2020-01-24 17:38:11'),(78,78,2,'2020-03-06','2020-08-10 01:50:10','2020-01-29 09:36:34'),(79,79,3,'2020-02-25','2020-01-05 00:54:08','2020-06-27 22:53:27'),(80,80,4,'2020-03-24','2020-08-22 02:34:19','2020-04-15 10:24:59'),(81,81,1,'2020-06-15','2020-03-13 02:32:55','2020-04-01 08:23:40'),(82,82,2,'2020-06-08','2019-12-09 21:22:16','2020-07-18 15:08:47'),(83,83,3,'2020-07-23','2020-06-01 08:13:19','2020-03-03 19:13:06'),(84,84,4,'2020-03-16','2020-04-24 05:00:05','2019-10-15 02:08:21'),(85,85,1,'2019-12-09','2019-11-17 21:23:45','2020-09-01 21:46:59'),(86,86,2,'2019-11-22','2020-06-21 07:40:28','2020-02-03 22:36:59'),(87,87,3,'2019-11-05','2020-07-02 12:54:05','2019-12-01 14:29:59'),(88,88,4,'2020-01-06','2019-12-21 17:02:45','2020-02-19 20:43:54'),(89,89,1,'2020-08-24','2020-06-30 22:27:17','2020-09-15 00:26:35'),(90,90,2,'2020-01-02','2019-12-20 23:21:53','2019-10-28 19:42:55'),(91,91,3,'2020-03-24','2020-05-20 20:05:39','2020-05-24 18:53:27'),(92,92,4,'2020-05-05','2020-01-14 19:08:47','2020-01-20 15:52:38'),(93,93,1,'2020-03-13','2019-12-20 21:22:56','2019-10-24 11:09:45'),(94,94,2,'2020-08-13','2020-07-01 14:30:10','2020-04-11 10:30:21'),(95,95,3,'2020-08-21','2020-06-27 19:23:11','2020-05-27 15:58:23'),(96,96,4,'2020-03-05','2020-07-31 14:18:26','2020-05-09 10:48:01'),(97,97,1,'2020-01-28','2019-11-16 10:12:38','2020-05-09 19:49:30'),(98,98,2,'2020-07-20','2019-10-17 15:21:29','2020-08-06 07:12:50'),(99,99,3,'2020-01-23','2019-12-19 10:50:44','2020-02-15 11:44:10'),(100,100,4,'2020-01-16','2020-01-11 14:52:03','2019-11-13 20:08:10'),(101,101,1,'2020-01-27','2020-05-25 08:36:55','2020-01-12 14:37:58'),(102,102,2,'2020-07-01','2019-11-01 13:36:46','2020-07-17 07:28:28'),(103,103,3,'2019-10-26','2020-01-31 08:41:36','2020-07-14 07:15:23'),(104,104,4,'2020-02-16','2019-11-29 03:26:43','2020-07-13 11:09:36'),(105,105,1,'2020-02-27','2020-08-28 09:36:06','2020-06-20 20:23:08'),(106,106,2,'2019-12-29','2020-02-01 23:01:40','2020-01-15 09:23:36'),(107,107,3,'2020-03-13','2019-12-07 13:17:15','2020-03-27 10:01:50'),(108,108,4,'2020-09-17','2020-03-14 15:53:22','2020-05-07 13:29:31'),(109,109,1,'2020-02-07','2020-01-03 02:23:14','2020-04-08 19:13:04'),(110,110,2,'2020-05-27','2020-05-16 02:19:36','2020-06-05 15:55:19'),(111,111,3,'2020-04-23','2020-06-13 09:02:39','2020-08-20 08:59:41'),(112,112,4,'2020-10-07','2019-10-25 20:56:57','2020-02-05 06:58:47'),(113,113,1,'2020-02-24','2020-09-13 15:50:13','2019-11-22 17:38:13'),(114,114,2,'2019-12-11','2020-06-28 00:38:31','2020-06-21 13:12:43'),(115,115,3,'2020-04-06','2020-06-04 03:57:21','2020-07-08 01:33:17'),(116,116,4,'2020-03-28','2020-07-23 10:19:35','2019-11-12 12:03:56'),(117,117,1,'2020-04-14','2020-01-22 02:28:15','2020-08-11 20:41:59'),(118,118,2,'2019-12-02','2020-06-07 14:32:09','2020-06-19 19:14:55'),(119,119,3,'2020-06-15','2020-03-18 06:33:05','2019-10-25 02:26:24'),(120,120,4,'2019-12-01','2020-07-20 05:14:29','2020-04-02 14:56:33'),(121,121,1,'2020-04-11','2019-12-07 04:11:08','2020-03-31 05:44:52'),(122,122,2,'2020-05-05','2020-07-03 17:12:33','2020-07-07 08:37:22'),(123,123,3,'2019-12-14','2020-07-24 16:24:01','2020-05-17 10:24:32'),(124,124,4,'2020-06-30','2020-10-05 21:19:43','2020-08-06 07:55:20'),(125,125,1,'2020-09-17','2020-03-30 18:50:04','2020-06-26 20:30:12'),(126,126,2,'2020-05-21','2020-01-28 22:58:33','2020-03-21 05:01:29'),(127,127,3,'2020-08-10','2020-05-08 13:55:12','2020-10-02 00:24:48'),(128,128,4,'2020-04-04','2020-09-06 19:37:38','2020-09-06 07:07:05'),(129,129,1,'2020-01-28','2019-11-17 06:00:15','2020-09-10 18:03:28'),(130,130,2,'2020-03-20','2020-02-26 05:44:50','2020-04-29 04:10:32'),(131,131,3,'2019-10-26','2020-08-21 21:18:16','2020-03-18 01:46:21'),(132,132,4,'2020-09-03','2020-06-14 04:30:19','2020-03-31 12:00:12'),(133,133,1,'2020-02-19','2020-08-12 08:11:52','2019-10-13 01:06:03'),(134,134,2,'2019-12-03','2020-08-18 02:23:31','2019-10-25 17:32:13'),(135,135,3,'2020-02-14','2020-03-19 02:09:31','2020-01-07 22:26:19'),(136,136,4,'2020-09-17','2019-11-28 17:27:25','2020-02-15 04:23:08'),(137,137,1,'2020-02-18','2019-12-21 21:53:04','2020-07-15 06:51:30'),(138,138,2,'2019-12-05','2019-12-04 01:29:59','2020-03-31 17:40:01'),(139,139,3,'2020-01-20','2020-05-23 22:39:24','2020-03-03 08:50:23'),(140,140,4,'2020-06-23','2020-07-25 00:49:33','2020-01-11 02:30:39'),(141,141,1,'2020-07-15','2020-07-14 13:56:55','2019-11-24 18:39:16'),(142,142,2,'2019-12-12','2020-04-13 13:42:03','2020-09-27 14:15:39'),(143,143,3,'2020-08-09','2020-09-23 09:42:06','2020-06-30 16:43:43'),(144,144,4,'2020-01-15','2019-11-25 05:21:26','2020-09-07 00:15:49'),(145,145,1,'2020-06-01','2020-07-08 23:49:28','2020-02-27 08:17:31'),(146,146,2,'2020-03-24','2020-07-31 09:11:08','2020-02-23 16:57:21'),(147,147,3,'2020-09-07','2020-09-01 05:26:37','2020-08-01 23:45:26'),(148,148,4,'2020-02-21','2020-02-08 23:17:21','2019-10-22 10:14:15'),(149,149,1,'2019-10-18','2020-04-26 12:20:44','2019-11-30 14:01:13'),(150,150,2,'2020-04-06','2020-04-05 17:36:44','2020-10-05 23:49:30');
/*!40000 ALTER TABLE `invoices` ENABLE KEYS */;
UNLOCK TABLES;

--
-- Table structure for table `logs`
--

DROP TABLE IF EXISTS `logs`;
/*!40101 SET @saved_cs_client     = @@character_set_client */;
/*!50503 SET character_set_client = utf8mb4 */;
CREATE TABLE `logs` (
  `timestamp` datetime DEFAULT CURRENT_TIMESTAMP,
  `table_name` varchar(50) DEFAULT NULL COMMENT 'Название таблицы',
  `record_id` int unsigned DEFAULT NULL COMMENT 'Идентификатор записи',
  `record_target` varchar(255) DEFAULT NULL
) ENGINE=ARCHIVE DEFAULT CHARSET=utf8mb4 COLLATE=utf8mb4_0900_ai_ci COMMENT='Таблица для сбора логов';
/*!40101 SET character_set_client = @saved_cs_client */;

--
-- Dumping data for table `logs`
--

LOCK TABLES `logs` WRITE;
/*!40000 ALTER TABLE `logs` DISABLE KEYS */;
/*!40000 ALTER TABLE `logs` ENABLE KEYS */;
UNLOCK TABLES;

--
-- Table structure for table `manufacturers`
--

DROP TABLE IF EXISTS `manufacturers`;
/*!40101 SET @saved_cs_client     = @@character_set_client */;
/*!50503 SET character_set_client = utf8mb4 */;
CREATE TABLE `manufacturers` (
  `id` int unsigned NOT NULL,
  `name` varchar(50) CHARACTER SET utf8 COLLATE utf8_unicode_ci NOT NULL COMMENT 'Название производителя',
  `description` varchar(255) CHARACTER SET utf8 COLLATE utf8_unicode_ci DEFAULT NULL COMMENT 'Описание производителя',
  `logo` varchar(255) CHARACTER SET utf8 COLLATE utf8_unicode_ci DEFAULT NULL COMMENT 'Ссылка на логотип',
  `created_at` datetime DEFAULT CURRENT_TIMESTAMP,
  `updated_at` datetime DEFAULT CURRENT_TIMESTAMP ON UPDATE CURRENT_TIMESTAMP,
  PRIMARY KEY (`id`),
  KEY `manufacturers_name_idx` (`name`)
) ENGINE=InnoDB DEFAULT CHARSET=utf8 COLLATE=utf8_unicode_ci COMMENT='Производители товаров';
/*!40101 SET character_set_client = @saved_cs_client */;

--
-- Dumping data for table `manufacturers`
--

LOCK TABLES `manufacturers` WRITE;
/*!40000 ALTER TABLE `manufacturers` DISABLE KEYS */;
INSERT INTO `manufacturers` VALUES (1,'officiis','Impedit blanditiis eaque porro explicabo et harum ipsa. Illo pariatur aliquam labore nulla sit unde. Maiores laudantium exercitationem et qui. Neque eum cupiditate commodi ipsum. Numquam similique porro provident exercitationem perferendis dolor.','/af1940ac3101b517090bd2d9a906b18e.jpg','2017-01-07 21:01:29','2019-04-26 01:04:24'),(2,'hic','Qui nihil fugiat delectus iste impedit exercitationem. Saepe quaerat eaque dolore dolorum. Corrupti quos impedit illum alias itaque doloribus molestiae.','/1888915e49d7e85ccc574a5d940af3c5.jpg','2010-11-26 16:53:36','2013-04-19 02:12:25'),(3,'perspiciatis','Voluptate harum accusamus provident vel vitae ratione. Et voluptatem aut explicabo delectus quia soluta. Minus est iusto et rem in molestias magni ut. Est alias pariatur ullam praesentium commodi qui.','/020bf17422be1014bea6ca20773ecc56.jpg','2012-07-22 13:08:17','2012-01-26 00:13:34'),(4,'ea','Praesentium omnis natus est omnis aut laudantium. Et est incidunt similique totam sint voluptates rerum. Et soluta suscipit voluptates ut aut est.','/b553a7b26362b6893ac56b4677c87afe.jpg','2017-06-01 01:16:00','2011-01-16 09:33:11'),(5,'dolores','Totam consequatur cum quae dolor. Et voluptatem vero cumque laborum.','/1e6c6c8221381bbd1f2c123916d560f2.jpg','2010-11-24 14:01:43','2019-12-08 00:04:24'),(6,'delectus','Aut esse placeat a blanditiis nihil laborum non. Corrupti officia pariatur animi sint. Possimus illo repudiandae nihil molestias repellat.','/daea3a5c395216086166bae79ebf4fd8.jpg','2015-08-18 23:55:44','2020-05-26 16:46:22'),(7,'quod','Eos ut necessitatibus ut dicta quidem. Facere et aut nesciunt maiores deleniti optio dicta. Nesciunt at alias sunt ut et.','/eb2f6f6ba6e7c4dba9f41fb945e0844c.jpg','2011-12-05 22:56:22','2014-01-22 16:28:50'),(8,'quod','Animi harum tenetur consectetur rerum. Rerum vero quidem non rerum accusamus. Sit nihil vel molestiae voluptatibus quia.','/c6dda7a62b26221e1fcf7fe560aa2362.jpg','2017-05-14 07:54:52','2012-08-09 03:01:25'),(9,'quaerat','Necessitatibus ea doloremque illo ut in ut. Molestiae nulla illo alias consectetur. Id est ea labore veritatis quidem. Animi sunt odio qui excepturi alias et.','/e4a7b1a85b0873dceb7cbe83339b649d.jpg','2020-02-15 19:35:10','2019-06-24 01:51:32'),(10,'accusamus','Commodi et nobis suscipit deserunt dicta. Quas unde error quidem. Possimus et et atque recusandae ut.','/1f80cba3aa22164b76f2502f00c542cd.jpg','2015-04-18 02:55:35','2016-11-07 21:11:17'),(11,'nemo','Et ipsam quod fuga. Totam accusantium nesciunt earum voluptas illum similique eum. Sint ut inventore recusandae tempora. Eius esse doloribus eaque sint numquam voluptas dolorem.','/b078df7bdebca69a50aa22bc8d5d5195.jpg','2019-02-19 20:10:55','2011-04-30 23:23:32'),(12,'nostrum','Minus rem sunt beatae sunt autem praesentium. Repellat aperiam tenetur illo veritatis maxime. Doloremque qui numquam reprehenderit alias quia.','/7c23978ee0ca928fb4fccbd7bd47f933.jpg','2016-01-07 18:22:00','2013-05-25 12:51:13'),(13,'accusantium','Laudantium nostrum voluptatem a nisi est soluta ab. Ullam animi deleniti adipisci. Aut harum assumenda officiis ducimus. Molestias est labore in et.','/1f9187233c5459b08b7d3be034de5d31.jpg','2011-12-21 19:35:37','2014-01-05 09:04:35'),(14,'necessitatibus','Nisi in distinctio numquam quia est magnam rerum et. Provident itaque dolor quis illum qui dignissimos enim. Voluptas praesentium minus temporibus aut enim. Laborum totam et aut magni et est debitis praesentium.','/aec743c29246721a9f74d1baee920db2.jpg','2014-11-24 22:40:33','2017-07-21 12:44:43'),(15,'doloribus','Soluta rerum numquam expedita animi velit explicabo laudantium. Vero non cumque quae et. Minima provident reprehenderit aspernatur repudiandae quaerat reprehenderit eaque. Qui quaerat sunt rerum animi. Aut rerum rerum quisquam alias in unde quia.','/854832a8aac138ce41453282a15907f1.jpg','2016-09-21 16:16:00','2018-10-17 07:53:07'),(16,'praesentium','Distinctio quisquam dolor et. Eligendi dolorum minus ipsa ducimus dolorem reiciendis. Rem nihil facilis incidunt sint delectus voluptatum pariatur perspiciatis. Eum nemo accusantium est quo recusandae totam vitae.','/2bd25f9950ff8b46f80ea3c0ad7b40c5.jpg','2017-04-12 02:13:36','2013-03-01 16:56:59'),(17,'accusamus','In eligendi ipsa et explicabo error. Autem magni voluptates in ut praesentium. Dolores dolor ut soluta possimus quia voluptatem non corporis. Odio temporibus dolore enim sapiente provident voluptatem ut omnis. Omnis suscipit enim voluptate numquam et.','/3efe6e181f7044e2e76b4baf829166e9.jpg','2011-04-16 16:00:35','2017-01-10 00:04:51'),(18,'officiis','Nisi ullam voluptatibus eligendi unde odit et. Ducimus id et velit possimus quis. Ut tempora molestiae laudantium ea omnis.','/bd72a81f9dfc6f0cfd0d9a38ec065876.jpg','2014-08-25 23:45:59','2013-01-13 02:35:45'),(19,'animi','Quo eum voluptatum minus eum et voluptatum. Labore ullam excepturi eaque porro. Rerum est placeat voluptatem vel dolorem voluptas qui. Cumque amet quo numquam facilis non quo impedit.','/498d0b2b6e12f3345e69c2e2533b0f12.jpg','2016-06-27 05:11:26','2014-12-01 16:01:58'),(20,'culpa','Voluptate assumenda cumque consequatur aut nam recusandae dignissimos et. Repellat dolor architecto sequi sint qui nesciunt. Quibusdam sequi architecto quae perspiciatis quae.','/d8dd4cdd19e350acf02b77f8636e6ecf.jpg','2016-02-23 03:46:56','2014-03-14 07:49:56'),(21,'qui','Voluptatem fugiat velit quo totam earum ex ex. Dolor ea est recusandae nesciunt tempora possimus. Modi molestiae maxime asperiores provident voluptates est accusamus. Velit quam est accusamus consequuntur provident.','/3d66ab0ae8d2a2b7001f21fd2cef22d4.jpg','2011-03-19 11:37:38','2019-06-08 18:03:26'),(22,'id','Excepturi maxime non ullam ut. Voluptas dolores voluptates maiores vel sit ut sequi. In quas voluptas fugit ut corporis consequuntur. Consequatur a eos expedita aut suscipit.','/a7d3b3f6b4451e319fe83d0fdae189ff.jpg','2015-07-13 07:21:13','2018-01-02 08:43:58'),(23,'et','Deleniti omnis illo voluptatem dolores veniam commodi. Consectetur eligendi tempora animi dolor molestias. Non aut occaecati velit consequatur nostrum. Quisquam rem iste eligendi eum accusantium expedita.','/03c504da6a1595165e1f1f79bf901ba8.jpg','2012-10-25 09:37:55','2015-05-21 03:01:18'),(24,'quia','Ut reprehenderit vero quas et. Ipsum modi et deleniti quisquam. Molestiae quasi aut corrupti non rerum veniam quo. Modi voluptatem modi earum sint quam corrupti.','/36d92948e5ec6d91ccf3982c939f002f.jpg','2017-08-03 07:51:47','2014-12-04 09:29:39'),(25,'sit','Numquam eveniet fugiat rem unde est. Sapiente non aspernatur nam sint. Non excepturi veniam quidem. Eum quam non vel et sed aut voluptatum.','/df8d4baa3bf507985be71c192895b5de.jpg','2015-09-21 19:25:12','2013-01-16 00:39:22'),(26,'velit','Ut molestiae est qui facere aliquid modi velit. Eveniet rem illo id nulla ipsam nisi voluptas maiores. Ut inventore debitis reiciendis ut iste quia doloremque. Sunt qui sint necessitatibus iste.','/72066e42fd7e5b3a422f51b44b7f7d3a.jpg','2013-01-15 01:01:46','2015-10-31 08:17:16'),(27,'aut','Officia esse ratione reiciendis ipsa est. Deleniti officia et est ratione necessitatibus ratione. Animi optio repellat et beatae tenetur amet.','/865969510ae893f885e70b61d9b8a81b.jpg','2014-08-07 04:04:47','2017-02-13 09:07:51'),(28,'et','Sapiente aut autem culpa in quam vero sit. Excepturi architecto incidunt harum possimus cupiditate possimus.','/8871b54bb5421d782945771999a580ef.jpg','2019-11-03 13:30:43','2016-09-26 13:15:11'),(29,'voluptatum','Quam perspiciatis assumenda natus perferendis. Veritatis quo et ducimus saepe et velit ad. Nulla et qui cumque amet consequatur ullam dolores. Est quam voluptas ea quidem quasi maxime occaecati. Qui eligendi nesciunt consequuntur labore repudiandae volupt','/80abd35ff7e30a67bd3f8ff7a8aeb617.jpg','2017-01-03 08:27:43','2017-05-19 14:50:46'),(30,'quaerat','Alias dolorum esse nihil sit sunt aut voluptas. Qui illo id quis fugit expedita impedit animi. Repellat neque nihil illum rem. Sit ut est qui perspiciatis officia quae.','/0c39bdce3540e2588e952b3ed4391db7.jpg','2011-01-20 05:38:24','2015-12-12 01:15:25'),(31,'et','Eos magni omnis dolor vero omnis fuga. Praesentium ex inventore facilis eveniet. Saepe provident impedit inventore sed omnis. Ut atque rerum saepe excepturi.','/9c55165709b1c09cd874fb54ac420cbe.jpg','2016-09-08 07:55:33','2017-03-30 19:21:31'),(32,'provident','Tempora alias aut doloremque consequatur. Quia cumque sit beatae nesciunt.','/9152841cd40560e274196c8ad274f33b.jpg','2020-06-10 17:13:58','2014-05-09 16:12:42'),(33,'accusamus','Et ut iure mollitia enim ut deserunt nam animi. Odit eligendi qui dolorem molestias. Quod rerum temporibus dolor dolore ut quasi. Ut quaerat eos rerum mollitia labore.','/e19088869331be79e3dee76a2f2afcbc.jpg','2011-11-28 07:38:08','2014-06-11 13:44:10'),(34,'velit','Voluptate nostrum quibusdam omnis accusantium exercitationem aliquid sunt. Enim perspiciatis perspiciatis sed cumque. Dicta temporibus quia aliquid ut et occaecati corporis.','/35bc51684549f081ec5b33486d13c7d8.jpg','2015-11-13 20:12:31','2014-12-01 02:17:13'),(35,'natus','Praesentium blanditiis et nam ullam impedit aut nobis facilis. Doloremque commodi quia est quos incidunt nam voluptatem et.','/2c600ef992ca10dcad033ae174f6a1bd.jpg','2014-02-15 12:10:00','2011-06-29 22:28:51'),(36,'unde','Pariatur vel consectetur laboriosam. Voluptatibus enim modi est velit. Ducimus aliquam ipsam aspernatur beatae voluptate. Quis ut delectus ut sed consequatur accusantium.','/c2b75e57d949dc4d7f1d170f299b4e1f.jpg','2014-08-15 19:34:55','2019-06-14 08:48:47'),(37,'voluptatum','Impedit accusantium voluptas possimus odit totam totam. Ut animi dolor quis quo in voluptates. Facilis quas eligendi voluptatem numquam voluptatibus nisi qui. Et aperiam corporis sed et fugit rerum.','/1aa4e832fd4c8b4086775831a3bda1e8.jpg','2016-11-04 11:45:54','2019-12-20 22:41:19'),(38,'esse','Similique similique fugit iure dolorem cumque. Assumenda minus molestiae est dignissimos dolore provident. Et reiciendis aspernatur et non omnis suscipit deleniti.','/74070ed9cf6b666fef32e0303f065057.jpg','2020-05-18 02:38:01','2013-11-25 14:10:23'),(39,'optio','Delectus architecto ducimus commodi fugiat ad amet omnis aliquid. Non delectus maxime totam dolores. Molestiae hic expedita ducimus ipsam. Ab et occaecati inventore fuga sapiente dolorem dolores.','/2bbae2ba8d1efd2e6b511e59918ed0ea.jpg','2018-11-06 01:58:16','2013-10-20 04:09:24'),(40,'necessitatibus','Exercitationem voluptatem ut doloremque natus. Vel asperiores adipisci omnis quo est. Tempore necessitatibus blanditiis exercitationem eaque. Rerum reprehenderit veritatis saepe atque est eos.','/7a2f1fe86d8daa69fcf51991671b5c9d.jpg','2011-12-10 05:02:54','2011-12-07 18:01:44');
/*!40000 ALTER TABLE `manufacturers` ENABLE KEYS */;
UNLOCK TABLES;

--
-- Table structure for table `options`
--

DROP TABLE IF EXISTS `options`;
/*!40101 SET @saved_cs_client     = @@character_set_client */;
/*!50503 SET character_set_client = utf8mb4 */;
CREATE TABLE `options` (
  `id` bigint unsigned NOT NULL AUTO_INCREMENT,
  `category_id` int unsigned NOT NULL,
  `name` varchar(50) CHARACTER SET utf8 COLLATE utf8_unicode_ci NOT NULL COMMENT 'Название характеристики',
  `qty` int NOT NULL COMMENT 'Числовая величина',
  `measure` varchar(10) CHARACTER SET utf8 COLLATE utf8_unicode_ci DEFAULT NULL COMMENT 'Единица измерения',
  PRIMARY KEY (`id`),
  KEY `options_category_id_fk` (`category_id`),
  CONSTRAINT `options_category_id_fk` FOREIGN KEY (`category_id`) REFERENCES `categories` (`id`) ON DELETE CASCADE
) ENGINE=InnoDB AUTO_INCREMENT=21 DEFAULT CHARSET=utf8 COLLATE=utf8_unicode_ci COMMENT='Характеристики товаров';
/*!40101 SET character_set_client = @saved_cs_client */;

--
-- Dumping data for table `options`
--

LOCK TABLES `options` WRITE;
/*!40000 ALTER TABLE `options` DISABLE KEYS */;
INSERT INTO `options` VALUES (1,1,'hic',488,'maiores'),(2,2,'ipsum',77,'voluptas'),(3,3,'nihil',0,'reprehende'),(4,4,'nam',0,'laudantium'),(5,5,'quidem',770255,'iure'),(6,6,'non',53685344,'omnis'),(7,7,'iusto',1138959,'qui'),(8,8,'nobis',48136,'dolorem'),(9,9,'facilis',727352217,'consequatu'),(10,10,'dolore',55,'autem'),(11,11,'voluptas',768,'cupiditate'),(12,12,'omnis',4149540,'est'),(13,13,'non',19728,'perferendi'),(14,14,'inventore',90,'eos'),(15,15,'laudantium',6,'ea'),(16,16,'voluptas',165897655,'praesentiu'),(17,17,'molestiae',0,'laudantium'),(18,18,'ipsa',25650531,'quia'),(19,19,'soluta',56,'distinctio'),(20,20,'unde',2734465,'sunt');
/*!40000 ALTER TABLE `options` ENABLE KEYS */;
UNLOCK TABLES;

--
-- Table structure for table `order_item_statuses`
--

DROP TABLE IF EXISTS `order_item_statuses`;
/*!40101 SET @saved_cs_client     = @@character_set_client */;
/*!50503 SET character_set_client = utf8mb4 */;
CREATE TABLE `order_item_statuses` (
  `id` int unsigned NOT NULL,
  `name` varchar(50) CHARACTER SET utf8 COLLATE utf8_unicode_ci DEFAULT NULL COMMENT 'Статус позиции',
  PRIMARY KEY (`id`)
) ENGINE=InnoDB DEFAULT CHARSET=utf8 COLLATE=utf8_unicode_ci COMMENT='Статусы заказанных позиций';
/*!40101 SET character_set_client = @saved_cs_client */;

--
-- Dumping data for table `order_item_statuses`
--

LOCK TABLES `order_item_statuses` WRITE;
/*!40000 ALTER TABLE `order_item_statuses` DISABLE KEYS */;
INSERT INTO `order_item_statuses` VALUES (1,'in stock'),(2,'out of stock'),(3,'only in the store'),(4,'online order only'),(5,'discontinued'),(6,'pre-order');
/*!40000 ALTER TABLE `order_item_statuses` ENABLE KEYS */;
UNLOCK TABLES;

--
-- Table structure for table `order_items`
--

DROP TABLE IF EXISTS `order_items`;
/*!40101 SET @saved_cs_client     = @@character_set_client */;
/*!50503 SET character_set_client = utf8mb4 */;
CREATE TABLE `order_items` (
  `id` int unsigned NOT NULL,
  `order_id` int unsigned DEFAULT NULL,
  `product_id` int unsigned DEFAULT NULL,
  `qty` mediumint unsigned DEFAULT NULL COMMENT 'Количество товара',
  `order_item_status_id` int unsigned DEFAULT NULL,
  `details` text CHARACTER SET utf8 COLLATE utf8_unicode_ci COMMENT 'Детали по позиции заказа',
  `created_at` datetime DEFAULT CURRENT_TIMESTAMP,
  `updated_at` datetime DEFAULT CURRENT_TIMESTAMP ON UPDATE CURRENT_TIMESTAMP,
  PRIMARY KEY (`id`),
  KEY `order_items_order_id_fk` (`order_id`),
  KEY `order_items_product_id_fk` (`product_id`),
  KEY `order_items_order_item_status_id_fk` (`order_item_status_id`),
  CONSTRAINT `order_items_order_id_fk` FOREIGN KEY (`order_id`) REFERENCES `orders` (`id`) ON DELETE CASCADE,
  CONSTRAINT `order_items_order_item_status_id_fk` FOREIGN KEY (`order_item_status_id`) REFERENCES `order_item_statuses` (`id`) ON DELETE SET NULL,
  CONSTRAINT `order_items_product_id_fk` FOREIGN KEY (`product_id`) REFERENCES `products` (`id`) ON DELETE CASCADE
) ENGINE=InnoDB DEFAULT CHARSET=utf8 COLLATE=utf8_unicode_ci COMMENT='Заказанные товары';
/*!40101 SET character_set_client = @saved_cs_client */;

--
-- Dumping data for table `order_items`
--

LOCK TABLES `order_items` WRITE;
/*!40000 ALTER TABLE `order_items` DISABLE KEYS */;
INSERT INTO `order_items` VALUES (1,1,31,5,1,'Rerum occaecati explicabo recusandae qui vero perspiciatis. Tempore quo facere aut quae iste voluptates. Quos molestiae accusantium assumenda accusamus. Porro eaque ab fugiat libero.','2019-12-28 07:20:42','2019-11-15 19:06:24'),(2,2,71,4,2,'Qui animi mollitia vitae provident. Eaque eius ab repellendus error. Beatae omnis corrupti deserunt non.','2020-02-28 18:30:01','2020-08-12 21:34:44'),(3,3,98,5,3,'Itaque aut dicta saepe quibusdam non dolor. Cumque velit unde ut sequi aut. Omnis dolorem velit neque blanditiis. Non nemo aut eos qui quisquam.','2020-07-28 12:46:08','2020-01-03 07:08:25'),(4,4,96,5,4,'Saepe eaque quam et ullam nobis. Maiores dolor corporis aspernatur sunt. Quaerat modi impedit quia est voluptate aliquam recusandae eius.','2020-01-17 17:33:59','2020-09-12 23:15:11'),(5,5,70,6,5,'Voluptate aut officia dolorem odit ipsam aut. Et laudantium tempore quo voluptatem iste. A non sunt sint molestiae commodi. Amet qui rerum sunt laboriosam.','2020-01-18 22:43:38','2020-03-06 23:52:47'),(6,6,13,6,6,'Et et debitis accusantium. Adipisci officia nesciunt ipsam quidem ratione. Maxime est quae voluptatem commodi. Placeat dolorem beatae accusantium.','2019-11-22 11:26:46','2020-09-10 14:18:03'),(7,7,36,6,1,'Dicta repellat adipisci eos sint tenetur at ut. Sit nobis consectetur sapiente hic laboriosam. Ut corrupti reprehenderit saepe modi totam laudantium.','2020-03-10 12:36:00','2019-12-26 00:17:53'),(8,8,82,9,2,'Nobis accusantium adipisci nihil minus ut non et nostrum. At magni quo dolores omnis esse. Natus quas ut nam quidem quo.','2020-06-07 01:30:10','2020-08-30 17:45:07'),(9,9,13,7,3,'Nihil explicabo eum omnis itaque. Vitae est aut qui sapiente. Ducimus facilis adipisci sit expedita molestiae.','2020-03-09 09:11:25','2019-11-24 07:15:09'),(10,10,28,6,4,'Labore voluptates est beatae adipisci. Voluptatem rem quia perspiciatis quis illum eius voluptatem. Impedit maxime voluptatibus ut debitis. Pariatur voluptatem est eveniet nisi.','2020-07-10 05:08:28','2020-10-10 03:00:53'),(11,11,80,6,5,'Voluptas non debitis nesciunt voluptatum voluptatem sit voluptatem. Qui ex molestias vel sequi asperiores ea esse. Ipsam laboriosam ut porro. Ducimus reprehenderit voluptatem dolor velit.','2020-05-21 16:51:56','2019-10-31 22:21:30'),(12,12,79,4,6,'Nulla omnis ut quisquam quidem vitae modi. Ipsa quia voluptates voluptas suscipit qui ad quo. Eveniet similique placeat repellendus velit ut.','2020-06-30 18:51:39','2019-10-24 07:24:32'),(13,13,83,5,1,'Voluptatem labore praesentium sed autem totam. Unde repellat magnam ex. Nisi laudantium hic reiciendis qui.','2019-11-14 21:19:44','2019-12-11 20:45:45'),(14,14,48,5,2,'Aut atque consequatur temporibus sint et dolorem recusandae. Illo sit nihil adipisci iure et. Et velit omnis et. Quia cupiditate facere est nobis labore quia. Iure dolorem animi ut quo qui.','2020-01-29 13:24:05','2020-05-29 15:05:12'),(15,15,96,1,3,'Minima magnam saepe qui. Est maxime temporibus et sed itaque quos. Ratione voluptatem minus quos sed quidem corporis. Consequatur excepturi quis nulla qui aperiam aut aut quaerat.','2019-12-26 02:31:03','2020-02-12 01:06:39'),(16,16,95,9,4,'Voluptatum vel aut et quia. Accusamus temporibus laboriosam est.','2020-08-02 21:40:35','2020-02-11 15:30:30'),(17,17,59,9,5,'Aliquid qui eos iusto dolorum. In recusandae cum asperiores nam quis eum. Deserunt quos vel labore nam et et doloribus. Enim natus quam itaque omnis.','2019-12-13 14:07:36','2020-09-07 17:02:37'),(18,18,24,5,6,'Odit quia dolores repudiandae vel quaerat aut. Ut quibusdam in quam perferendis hic. Aperiam nemo voluptate et unde. Error quia numquam porro et aliquam.','2020-04-22 10:56:13','2020-09-29 18:34:11'),(19,19,25,2,1,'Ullam illo minima odit ratione. Dolorem reprehenderit officia est enim soluta ut quia. Adipisci id ut harum repellendus aperiam.','2020-02-24 09:13:29','2020-02-27 05:19:08'),(20,20,54,3,2,'Eum est est quia laborum saepe reprehenderit voluptas accusantium. In reiciendis itaque sit impedit est. Explicabo omnis debitis ex ratione a voluptate. Dicta neque magni reprehenderit hic.','2020-07-15 00:43:49','2019-11-21 23:19:27'),(21,21,93,10,3,'Perspiciatis cupiditate et ratione ad neque et. Perferendis excepturi ut corrupti qui. Sint ipsa et nihil.','2020-01-16 07:15:21','2019-12-05 02:58:22'),(22,22,57,2,4,'Neque aut quo et qui autem quos. Vitae reiciendis enim id eaque. Ut similique alias in rerum quia delectus placeat cumque.','2020-03-23 09:48:58','2020-04-26 19:30:14'),(23,23,63,5,5,'Eos nisi earum et amet et. Quisquam perferendis provident sit sit. Quam maiores ab ad odio maxime rerum aspernatur rerum. Assumenda molestiae rerum alias labore quia deserunt unde.','2020-07-05 19:49:51','2020-03-07 07:21:46'),(24,24,31,3,6,'Quam consequatur eligendi quia esse aut occaecati. Consequatur qui qui ut repellendus magnam est incidunt. Porro asperiores id sed perspiciatis nostrum suscipit.','2020-04-24 19:57:46','2020-05-15 21:04:47'),(25,25,68,8,1,'Quia dolores neque libero non ratione. Quas sed at et et ab reiciendis. Eum quia et eum sed voluptatum illum laudantium. Quisquam earum voluptatibus laboriosam minima aspernatur reiciendis.','2020-03-19 10:29:02','2020-07-03 18:30:06'),(26,26,100,2,2,'Et rem voluptatibus autem sint rem. Aut illo quibusdam vero unde dolorem est. Assumenda autem qui voluptatem voluptate corporis. Modi eius voluptatem dolorem vel eligendi.','2020-04-01 04:24:22','2020-06-20 00:13:12'),(27,27,5,8,3,'Veritatis praesentium nobis distinctio. Id molestiae sint aut. Laboriosam vel voluptatem voluptatibus culpa et molestiae non.','2019-10-27 03:41:36','2020-08-12 21:24:12'),(28,28,81,7,4,'Aut mollitia eligendi qui labore. Quae exercitationem deleniti velit quam eos. Quibusdam natus ea iure nihil.','2020-07-26 04:06:37','2020-04-30 14:40:48'),(29,29,35,10,5,'Temporibus deserunt omnis voluptates. Hic corrupti quae officia illo sit. Voluptatem et unde molestias dolor.','2020-05-12 03:28:38','2019-12-29 21:32:19'),(30,30,81,1,6,'Voluptate eos et neque et. Rem non ut dolor modi. Accusantium consectetur amet iure aut praesentium beatae. Illo accusantium ipsa nihil illum fugit id.','2020-07-10 06:29:33','2019-12-02 01:04:00'),(31,31,29,9,1,'Consequatur eos eius fugiat et nam distinctio delectus maxime. Voluptatem ad eos sint aut quo. Qui sunt qui repudiandae earum neque dolorum sunt quisquam.','2020-04-30 22:19:48','2020-03-15 22:27:24'),(32,32,65,3,2,'Consequatur cum qui non cum. Et magnam qui facere voluptas aut. Vel id sed voluptate voluptatem tempore voluptas aperiam. Consequatur veritatis rerum soluta quia illum.','2020-09-13 00:31:44','2020-01-19 12:27:02'),(33,33,51,3,3,'Perferendis autem molestiae alias facilis voluptatem veniam suscipit. Expedita perspiciatis est consequatur quidem quis nesciunt. Fugit incidunt ut a ut assumenda. Ut numquam aut occaecati.','2019-11-01 18:46:37','2020-02-19 21:32:13'),(34,34,26,4,4,'Sed iure error odio ut voluptates amet dicta. Reiciendis at distinctio natus voluptatem in omnis nisi. Quibusdam facilis reiciendis eos quod repellat et debitis.','2020-10-03 20:57:04','2020-07-29 19:43:55'),(35,35,60,9,5,'Reiciendis et voluptates eum quae. Explicabo qui tenetur fugiat mollitia.\nQuis perspiciatis tenetur qui porro est ut. Quo qui nesciunt ut neque est qui fugit laudantium.','2020-01-24 13:56:33','2020-04-20 06:53:52'),(36,36,20,4,6,'Est dolores quo ut voluptas quo nesciunt voluptatem. Qui occaecati amet eum quos et et. In magni ad iste. Soluta sint nesciunt rerum sunt quam laudantium. Quis quia voluptatem rerum eveniet.','2020-05-17 05:49:26','2020-09-11 18:01:35'),(37,37,39,8,1,'Aperiam ut dicta iusto sunt consectetur sed voluptatum fuga. Cupiditate et tempora enim fugiat dolor. Eos facilis omnis itaque nam ratione a.','2019-11-11 23:22:31','2020-04-29 18:44:56'),(38,38,95,4,2,'Illo est illum error magnam quo. Non est architecto consequatur. Sed sit in voluptatibus rem officia voluptas. Blanditiis at fugiat ea eveniet.','2019-11-11 01:24:00','2020-06-01 14:15:56'),(39,39,1,5,3,'Aliquid in aut dicta et. Atque accusamus aspernatur facere tempore natus dolorem dolor. Ipsam quidem iusto et sapiente ut dolor.','2019-11-04 17:46:29','2020-07-19 22:21:27'),(40,40,51,2,4,'Illo vel architecto cumque. Est exercitationem eveniet omnis odit optio corrupti aspernatur. Qui consequatur nihil dolores soluta doloremque tempora. Sit esse voluptatem et iure in quis nihil.','2020-02-02 22:23:00','2019-12-21 09:52:35'),(41,41,23,8,5,'Voluptatum quas fugiat cum tenetur. Labore ab libero et architecto possimus. Nobis dicta nesciunt laboriosam consectetur et et aut.','2020-04-19 16:58:36','2020-09-26 19:05:20'),(42,42,81,2,6,'Sed temporibus dolorem perferendis enim non. Ut vero quia id. Ex tenetur ea voluptates rerum cum culpa quia.','2020-10-04 06:18:54','2020-09-09 16:41:59'),(43,43,30,4,1,'Quos labore cumque earum nemo sit. Consequatur nisi dolor deleniti neque voluptates. Quasi labore distinctio est commodi libero quo. Facere esse id ea et ut doloribus.','2020-04-05 02:39:22','2020-10-09 01:22:25'),(44,44,5,9,2,'Nesciunt quia est aliquam architecto. Eligendi dolorem nemo velit quo occaecati doloremque earum. Nobis libero qui quas omnis magni.','2020-09-28 17:40:20','2019-11-17 20:48:12'),(45,45,28,4,3,'Enim distinctio possimus veniam deleniti alias ut et. Voluptates dignissimos dolorum eos labore. Nihil minima ut non et ad sed veritatis. Aperiam omnis non quam cupiditate id eaque quia.','2020-02-07 19:10:59','2020-10-03 09:18:36'),(46,46,25,8,4,'Ipsa molestias autem et et et ex. Voluptas delectus id voluptas ipsam illum illo. Placeat quisquam et et ut aspernatur sunt labore.','2020-03-29 20:37:08','2019-12-29 19:08:24'),(47,47,99,6,5,'Est ut ipsam rerum optio facere sequi similique molestiae. Ipsum quam quia eveniet est magnam eaque. Velit recusandae enim tempore ut sequi ad.','2020-07-17 01:18:59','2020-01-19 00:18:22'),(48,48,87,3,6,'Nihil occaecati consequuntur ut quasi. Minima possimus non fugit incidunt. Soluta suscipit ducimus est architecto distinctio. Eos consequatur nam vitae sit corporis aut.','2020-01-23 20:55:37','2020-06-03 17:47:22'),(49,49,48,1,1,'Consectetur dolorem at asperiores officia. Quas sint similique dolorem. Dignissimos rerum eius repellat. Autem nisi non architecto quas optio.','2020-03-23 16:25:12','2020-08-17 07:24:24'),(50,50,24,6,2,'Quam recusandae qui adipisci recusandae provident. Velit nostrum earum nesciunt doloribus. Quis sit consequatur est est in autem. Est atque dolores omnis cupiditate libero repellendus error.','2019-12-19 13:41:17','2020-03-27 20:58:21'),(51,51,41,10,3,'Sunt eligendi aut doloremque a. Consequatur magnam error dolores quo quae.','2020-03-29 08:41:22','2020-02-09 15:50:32'),(52,52,41,2,4,'Et in in omnis quia. Nesciunt sed illo illum ipsam. Officia sequi officiis voluptates placeat provident.','2020-05-16 10:37:15','2020-01-11 01:38:38'),(53,53,81,7,5,'Error voluptatem vel alias numquam et iure odit. Explicabo magni impedit unde alias. Vitae incidunt velit dolor esse omnis enim. Deserunt id at quas temporibus.','2020-02-19 10:37:42','2019-11-05 16:42:33'),(54,54,3,5,6,'Unde magni vero necessitatibus explicabo id amet magnam dolorum. Dicta ipsam non aperiam nihil excepturi eum consequatur. Ut commodi tenetur laudantium exercitationem. Sit nihil non non veritatis.','2020-04-25 08:43:06','2020-05-12 23:58:19'),(55,55,72,3,1,'Quia sunt quas iste nostrum. Repellat numquam expedita at quia accusantium eum. Saepe id est occaecati. Iure perferendis voluptatum similique recusandae consequatur.','2020-07-22 19:51:19','2020-02-28 03:27:13'),(56,56,48,3,2,'Nihil commodi ab sint doloremque eligendi aut. Qui quaerat provident accusamus quaerat. Praesentium in facilis fugiat sapiente. Aut enim illo sed commodi accusantium nobis et.','2020-04-10 08:40:49','2019-11-14 18:12:22'),(57,57,2,2,3,'A nihil dicta sed aut. At optio quas suscipit eos consequatur est. Impedit aut numquam quo ut quia perspiciatis non. Veritatis dignissimos possimus non voluptatem dolorem fugit.','2020-04-24 06:40:17','2020-09-27 09:57:47'),(58,58,76,4,4,'Esse culpa sapiente quaerat laboriosam voluptas quasi quas. Inventore et maiores voluptatem ipsam. Rerum ipsa ut eum laborum adipisci eligendi.','2020-05-07 08:44:47','2019-11-06 09:24:02'),(59,59,28,10,5,'Commodi similique sed ratione assumenda iusto debitis. Cum nihil dicta quia tempore voluptatibus dolor sed. Ratione ab quaerat nostrum nihil qui accusantium id minima.','2020-02-12 20:06:06','2020-05-11 09:06:26'),(60,60,36,2,6,'Et dolor magni ad officia omnis voluptates fugit. Ipsa est facere magnam repellendus aliquam ea sed. Deserunt autem aut tenetur. Voluptatem eos et occaecati.','2020-04-06 17:29:08','2020-01-20 08:35:58'),(61,61,57,9,1,'Dolorem consequuntur voluptas ut similique cumque rerum corrupti. Magni odit molestias consequatur. Optio ducimus id ducimus rerum omnis at.','2020-08-16 22:40:40','2020-09-22 07:32:22'),(62,62,56,9,2,'Exercitationem nisi quidem laboriosam minima animi in ea. Expedita voluptatum beatae facilis iusto rerum quasi. Sit ab fugiat vero magnam quasi. Ut rem expedita natus provident error.','2020-07-19 18:07:18','2020-09-16 10:55:11'),(63,63,1,9,3,'Rerum reiciendis eius autem sed qui. Aut consequatur ipsam reiciendis assumenda molestias nobis. Suscipit quis aut nihil atque consectetur maiores pariatur alias.','2020-09-20 14:26:50','2020-02-19 23:46:57'),(64,64,7,3,4,'Consequatur est odit atque consequuntur. Minima sed rerum sed illum possimus nihil provident. Omnis consectetur sequi eius.','2020-07-30 03:47:24','2020-05-01 21:03:44'),(65,65,82,7,5,'Sit quia animi sed suscipit consectetur dolorem itaque. Est placeat ut porro voluptatibus accusantium. Odit rerum repellat aperiam dolor soluta beatae aliquam.','2020-04-21 03:10:29','2020-04-16 10:37:36'),(66,66,61,4,6,'Aspernatur quis vero eum officia. Rerum molestiae omnis velit optio et in.','2020-01-18 14:46:45','2020-03-29 09:21:44'),(67,67,26,6,1,'Hic modi voluptate et et modi. Ut voluptas temporibus fugiat quod. Adipisci consequatur aut et officiis ut dolor sint.','2020-04-14 18:13:33','2020-06-11 10:45:34'),(68,68,20,1,2,'Officiis neque modi quia suscipit eaque. Laborum velit aspernatur tempora. Id consequuntur officia beatae voluptas quibusdam architecto.','2020-08-15 17:33:59','2019-10-29 05:24:36'),(69,69,56,1,3,'Itaque neque reprehenderit eius veniam repellat odio vitae quis. Quos voluptate cupiditate voluptatem possimus ipsam quas. Quae sapiente et laudantium eos.','2020-03-24 14:40:26','2020-04-27 19:03:42'),(70,70,27,8,4,'Mollitia in rerum ullam sit. Sunt optio nihil et ut. A labore qui impedit sit.','2020-06-17 20:56:36','2020-09-20 19:49:02'),(71,71,71,1,5,'Qui aperiam quo voluptate placeat et et voluptatem. A nostrum distinctio cum commodi qui qui dolorem.','2020-02-19 03:40:25','2020-02-05 21:12:05'),(72,72,78,3,6,'Totam consequatur modi praesentium et expedita. Blanditiis et neque molestias eligendi quam numquam. Quasi sit voluptas sed ut. Repellat repudiandae quos delectus voluptas facere quos.','2020-09-03 14:05:06','2020-10-05 07:02:20'),(73,73,8,10,1,'Dicta sed accusamus voluptas. Commodi vero aut est eius dolores. Ut qui placeat maxime autem nesciunt qui pariatur. Dignissimos exercitationem iusto et magni sint fuga.','2020-01-19 14:57:55','2019-12-11 09:27:55'),(74,74,1,2,2,'Et fugiat velit mollitia sed dolorem. Quia excepturi sit fugiat non sunt qui nisi. Enim ad tempore necessitatibus atque quam itaque. Fugit earum in dicta et necessitatibus sit officiis.','2020-04-21 14:36:06','2020-03-16 14:22:29'),(75,75,82,10,3,'Eos expedita accusantium ab. Hic sapiente tempora dignissimos non. Voluptatem libero a temporibus et placeat architecto. Consectetur vitae porro expedita esse repudiandae esse.','2020-09-06 03:58:07','2020-02-03 10:34:34'),(76,76,36,9,4,'Vel quasi laudantium odit nulla porro qui maxime. Ab repudiandae omnis rem minima. Et ipsa sed magni itaque iste. Esse totam quidem minus voluptate dolorem quam. Tenetur sunt ut quas et.','2020-08-26 19:46:09','2020-06-25 05:09:53'),(77,77,26,9,5,'Incidunt molestiae enim amet. Sint delectus delectus rerum. Tempore at voluptatem et hic.','2020-03-19 07:15:05','2020-08-05 22:09:26'),(78,78,81,9,6,'Sunt molestias sunt et inventore atque magnam. Ab sit quia nostrum animi. Ut voluptatem minima earum consequuntur.','2020-04-17 12:58:37','2020-01-18 07:31:58'),(79,79,22,5,1,'Magni quam consequatur perferendis voluptatem. Est laudantium nihil assumenda rerum eum sunt provident. Quam ducimus quos omnis aut cum eum.','2019-11-21 21:56:16','2020-04-04 20:00:34'),(80,80,73,6,2,'Voluptate rerum quis eaque ut. Nam cum est molestiae odit. Ea occaecati numquam dolorem omnis.','2020-02-23 02:03:36','2020-10-05 03:46:04'),(81,81,5,1,3,'Itaque ullam omnis saepe quis. Nemo inventore illum deleniti quo distinctio quod. Qui consequuntur eveniet consequuntur quis iste. Magnam doloremque consectetur autem delectus.','2020-08-23 14:18:13','2020-01-21 10:04:56'),(82,82,62,10,4,'Harum doloremque necessitatibus sint nam. Velit harum debitis tempora dolorem culpa repudiandae.','2020-04-26 06:05:46','2020-01-30 12:51:43'),(83,83,14,10,5,'Iusto debitis amet molestiae vero delectus quas. Vel laboriosam debitis fugiat numquam qui optio laborum. Beatae nihil praesentium sunt quos officia aperiam aut. Voluptatem placeat deserunt porro.','2019-10-22 09:56:30','2020-03-12 05:49:27'),(84,84,85,9,6,'Consequuntur aut vel ratione fuga libero. Ipsum harum nobis voluptatem praesentium. Cum dolorem accusamus omnis veritatis ea consequatur totam.','2020-02-28 08:52:41','2020-03-06 14:59:13'),(85,85,65,9,1,'Repudiandae ipsam repudiandae eligendi omnis quam quasi adipisci vel. Id eligendi rem ut sequi et voluptatibus. Error quia fuga et voluptatem. Deserunt aut qui perspiciatis ipsam quo.','2019-12-09 01:56:14','2020-03-11 07:57:50'),(86,86,85,5,2,'Laborum quasi optio commodi nulla iure mollitia. Asperiores quae occaecati ut veritatis rerum. Veritatis et aliquid consequatur similique veniam.','2019-12-17 02:48:43','2019-10-17 11:11:40'),(87,87,32,3,3,'Aliquid delectus eos fuga ut odit. Nam quo iure culpa corporis. Id quisquam aut et itaque totam iure illo nulla. Rem nesciunt magni velit qui labore magni.','2020-08-15 20:56:41','2020-06-12 05:25:36'),(88,88,66,6,4,'Quasi dolorem rerum cupiditate hic totam aut rerum. Tempora rerum blanditiis animi odit illum harum. Laborum corporis qui quaerat ratione expedita nobis iure.','2020-07-11 20:17:44','2020-07-18 15:11:33'),(89,89,61,1,5,'Voluptatum ipsum et sit. Voluptates atque ipsa quos error. Atque est dolores qui exercitationem neque eveniet aut. Est quas illo dolores non soluta aut.','2020-05-16 10:16:47','2020-04-20 07:43:30'),(90,90,60,8,6,'Voluptatibus deleniti atque ut facilis eum. Numquam ut magnam amet. Architecto fugiat repellat ullam quis. Quis assumenda et veniam vel voluptatem.','2019-11-16 16:13:47','2020-08-24 14:41:00'),(91,91,2,8,1,'Doloremque aspernatur sit officia suscipit ad. Velit quidem commodi ullam quia magni. Ex aut voluptatem eum est fugiat voluptatibus et. Accusantium consequatur ut autem qui odit.','2019-10-21 01:58:49','2019-11-04 17:32:01'),(92,92,17,8,2,'Molestiae recusandae dolores veniam ut ipsam velit. Consectetur doloremque fugit asperiores dolorum provident. Dolor sint ducimus quod aut. Sed ex vel eos error.','2019-10-27 21:00:10','2019-12-07 13:03:50'),(93,93,16,3,3,'Omnis consequuntur nemo tenetur. Enim magnam dignissimos beatae illum. Illum voluptas voluptate omnis deleniti.','2020-05-27 00:02:15','2020-05-18 19:11:23'),(94,94,3,3,4,'Rerum impedit ut cupiditate ut. Debitis facilis qui voluptatum ipsam laboriosam. Corrupti at repudiandae veniam consequatur optio non commodi.','2020-09-09 07:35:20','2019-10-20 21:26:31'),(95,95,24,10,5,'Ab qui voluptatem libero vel esse optio. Non porro ratione quia aut est fugiat. Molestias voluptates distinctio rerum quasi molestiae voluptas dolorem. Quasi impedit ea aut veniam est aliquam.','2020-01-21 03:50:10','2020-07-31 14:32:40'),(96,96,97,7,6,'Sed sed molestias quidem. Tempore est vitae cupiditate.','2020-02-14 14:58:39','2020-07-30 23:59:05'),(97,97,63,7,1,'Expedita nesciunt sequi iste similique labore optio enim cum. Numquam quisquam possimus ad id. Aut quaerat consequatur aspernatur voluptatem voluptatem non.','2020-07-23 12:31:36','2020-01-29 08:00:49'),(98,98,50,6,2,'Reiciendis aperiam aliquam numquam. Nesciunt fugiat recusandae aut tenetur placeat. Sapiente quisquam voluptatum tempora dolor hic ut.','2020-01-01 14:14:11','2020-04-29 11:30:34'),(99,99,17,5,3,'Reiciendis cum fuga possimus quaerat consequatur et amet. Ut dolorem incidunt possimus id et a qui. Tempora praesentium est pariatur corporis.','2020-09-16 20:29:56','2019-10-26 10:03:14'),(100,100,18,8,4,'Praesentium quia ut sit nihil. Beatae repudiandae officia aperiam laborum et. Nostrum sunt tenetur officiis doloremque ut vitae quidem qui.','2020-09-20 06:19:18','2020-02-22 01:21:33'),(101,101,76,9,5,'Iure odio enim eveniet occaecati. Molestiae omnis voluptas et ut eveniet et autem. Qui id numquam enim dicta sed ipsa est.','2020-01-28 16:36:50','2020-07-15 13:13:51'),(102,102,88,9,6,'Doloremque dolores expedita velit. A veniam ut sint error. Atque modi dolores dolores doloremque temporibus voluptatum.','2020-03-01 01:14:21','2020-05-09 23:10:25'),(103,103,96,7,1,'Officiis dolor iste qui et vel recusandae iste. Qui est est maiores. Id rerum qui nobis aut accusamus odio est. Officia rerum rerum ea error soluta dolorem et.','2019-11-17 03:34:32','2020-04-26 16:16:59'),(104,104,83,5,2,'Sed totam dolorem iusto eius sed. Ipsam ipsam distinctio totam quis. Aspernatur soluta reprehenderit quia cumque assumenda. Maiores et minus esse aut.','2020-03-31 03:59:07','2020-03-05 06:33:54'),(105,105,88,7,3,'Et nisi est temporibus id accusantium esse harum. Aut totam error quibusdam assumenda optio molestiae eum error. Quia quis consectetur tempora.','2020-03-19 13:18:29','2020-09-15 15:37:34'),(106,106,78,7,4,'Consequatur accusamus qui perferendis nostrum. Eaque consequatur aut fuga soluta. Numquam repudiandae ex rerum. Voluptas voluptatem qui sint unde est dolor.','2020-03-09 06:58:32','2019-11-10 14:24:20'),(107,107,18,6,5,'Unde accusamus vitae voluptas tempora quis ut natus. Accusamus similique sit ut eaque autem est. Repellat fuga ratione laudantium necessitatibus.','2020-04-14 10:17:36','2020-02-25 19:48:05'),(108,108,13,6,6,'Et in expedita voluptate. Qui dolores ex non fuga aperiam deleniti ut. Vel optio tenetur optio et ea porro. Incidunt fugit est debitis fuga quis ullam maxime enim.','2019-10-30 13:54:38','2020-02-12 07:52:20'),(109,109,59,9,1,'Ut itaque atque veniam sed. Velit omnis nemo doloremque officiis. Amet dolores vitae reprehenderit animi. Voluptatem unde est in consequuntur voluptatem.','2019-10-25 05:07:46','2020-08-01 23:04:58'),(110,110,40,1,2,'Repellendus est iusto est alias fuga facere. Odit et consectetur asperiores veniam quasi. Minima dolorum explicabo voluptatem quisquam omnis perspiciatis. Ut rerum magni tenetur.','2020-08-07 20:06:09','2019-12-12 11:33:07'),(111,111,86,9,3,'Voluptatem quaerat beatae pariatur sit. Odio alias quibusdam dicta non fuga labore illo aliquid. Sunt unde at consequuntur officia accusantium nam.','2020-03-17 23:05:42','2020-08-23 11:42:52'),(112,112,63,2,4,'Quaerat in facere sed maxime. Quo aut in maxime ullam. Quas quo maxime cumque ab. Ab omnis nulla voluptatem vero doloremque voluptatem et quos.','2020-06-30 14:42:58','2019-12-19 17:41:10'),(113,113,2,9,5,'Adipisci vero sunt eos. Aut aperiam magni perferendis. Esse corrupti amet soluta vero voluptate deleniti iusto recusandae. Ut quo mollitia sapiente itaque distinctio ut sint.','2020-06-24 02:05:07','2020-09-14 00:29:56'),(114,114,99,2,6,'Dolorum dolorem et et eos voluptatem quibusdam ut. Id pariatur repellendus molestias ipsam ut non. Quam odit iure sit sint dolor.','2020-08-15 08:17:21','2020-04-21 14:58:28'),(115,115,47,3,1,'Possimus ipsa et aliquid est voluptate dicta dolor. Totam enim sunt culpa occaecati. Aliquid voluptatibus sunt dolor.','2020-01-12 15:21:35','2020-06-14 03:44:49'),(116,116,66,10,2,'Totam laudantium consequatur aperiam asperiores. At est consequatur totam dolorem consequatur facere repellat. Laboriosam doloremque id provident quae amet aut voluptates molestias.','2019-11-11 22:12:28','2020-06-24 22:40:44'),(117,117,84,7,3,'Eos hic modi nostrum molestiae. Architecto qui cumque laborum qui. Beatae delectus deleniti repudiandae sequi id deserunt aliquam fuga. Molestiae nihil nobis sapiente omnis vel unde.','2019-11-06 10:51:53','2020-06-03 02:23:10'),(118,118,79,2,4,'Eos aliquam provident minima. Ad quo sint sed. Quia autem magnam provident consequatur natus.','2020-06-09 04:38:03','2020-08-16 10:18:15'),(119,119,32,9,5,'Voluptatem omnis quos nisi provident. Quae vel rem ducimus placeat autem.','2020-08-01 22:25:19','2020-02-27 09:08:37'),(120,120,45,1,6,'Numquam quidem expedita eius dicta est. Et dolorum ipsa temporibus rerum a libero. Et accusantium fugiat adipisci facere.','2020-01-26 21:56:12','2020-05-31 21:45:33'),(121,121,38,2,1,'Consequuntur id inventore voluptatem consequatur ut dignissimos cumque. Et aut adipisci animi qui tempore excepturi dolores natus. Amet sit unde provident iure. Libero autem porro quisquam nihil sit.','2020-01-22 19:13:30','2020-04-19 15:53:00'),(122,122,33,4,2,'Ipsum ipsam quibusdam animi ut rem possimus natus. Quos voluptatem qui voluptatem consequatur est quod. Praesentium illo dignissimos voluptatibus possimus dolor qui harum amet.','2020-05-25 10:39:35','2020-10-02 16:01:24'),(123,123,62,5,3,'Nostrum voluptatem doloribus accusamus magni. Deleniti quae modi explicabo quia. Dolore fugiat rerum sint et quae.','2020-06-24 08:15:48','2020-09-27 23:25:11'),(124,124,54,3,4,'Incidunt totam id est corporis unde. Natus qui ut velit accusantium sed sed qui quo. Enim quia voluptatum possimus ad.','2020-05-07 02:36:20','2020-09-30 07:56:28'),(125,125,35,10,5,'Quia sunt voluptate est ut id aliquid voluptatem. Porro perferendis soluta autem ullam. Rem distinctio quia dicta quo quidem eligendi in. Voluptatem quia quia dolores aut doloribus.','2020-07-13 15:58:48','2020-07-16 04:22:38'),(126,126,85,5,6,'Inventore aut dolores debitis quidem pariatur et. Sequi quisquam aut in ipsam quaerat ea quia. Exercitationem molestiae temporibus assumenda.','2020-05-06 04:57:42','2020-06-05 00:16:08'),(127,127,50,2,1,'Earum maxime sed nesciunt et maiores. Omnis dolorem voluptas quis suscipit. Explicabo dolorum dolores rerum impedit ipsum earum dicta.','2019-11-27 15:26:55','2020-01-16 03:20:33'),(128,128,98,6,2,'Porro et velit vel reiciendis eos minus commodi et. Odit omnis nostrum nemo cumque.','2020-08-24 20:31:40','2020-04-12 16:29:46'),(129,129,34,8,3,'Quae natus rerum sed porro quis ex. Aut qui et similique at consectetur. Est harum nisi ut et consequuntur. Tempore sed suscipit laudantium explicabo nostrum mollitia.','2020-08-30 21:54:32','2020-06-02 10:47:59'),(130,130,67,10,4,'Sunt saepe laudantium molestias voluptates sed impedit. Ea expedita perspiciatis nostrum aut error occaecati. Ut qui molestias ratione quasi qui officia totam.','2020-04-10 09:11:28','2020-08-11 10:50:10'),(131,131,16,7,5,'Similique dolorem consequatur eos voluptas adipisci voluptas. Iusto harum ducimus praesentium dolorem ut et aut. Maiores totam eaque incidunt.','2020-03-10 21:34:50','2020-10-08 14:57:20'),(132,132,10,10,6,'Officia eos ut assumenda nemo debitis neque. Architecto molestias quibusdam error minus aut.','2019-11-29 01:30:05','2019-12-26 14:39:10'),(133,133,54,8,1,'Placeat consequatur qui eius doloremque. Vel delectus id hic quia et.','2019-10-31 20:12:22','2020-07-27 13:39:36'),(134,134,11,4,2,'Error exercitationem minus blanditiis vel. Non consequatur esse maxime. Aperiam ut dolor molestias unde labore possimus quae laborum.','2020-01-05 07:17:48','2020-04-09 15:18:52'),(135,135,92,3,3,'Et minima dolorem soluta eaque et. Ut qui modi earum voluptatem inventore. Sint consequatur veritatis voluptatum est iusto et praesentium.','2020-05-15 18:26:21','2020-04-03 22:12:34'),(136,136,42,6,4,'Numquam laboriosam voluptate expedita recusandae. Sunt et dignissimos ipsum. Ut quam delectus quis repellat aut. Non voluptates nemo dolorem est eos veniam optio aperiam.','2019-11-21 19:41:05','2020-04-13 12:14:28'),(137,137,89,6,5,'Quisquam maiores omnis sunt maxime. Odit dolor dicta magnam eos qui assumenda. Consequatur officiis ipsum harum eligendi aut. Illum dolorum perspiciatis ipsa aspernatur.','2020-09-27 15:04:31','2019-10-24 13:12:31'),(138,138,10,6,6,'Ipsa ut vero eaque voluptatem. Sequi eveniet ipsam delectus est a similique aut.','2020-10-03 13:23:42','2020-08-28 18:25:12'),(139,139,54,1,1,'Dignissimos reprehenderit adipisci inventore voluptatibus id sunt in. Unde at minus dignissimos porro fugiat necessitatibus corrupti.','2020-02-08 21:09:08','2020-09-05 18:08:12'),(140,140,47,1,2,'Laboriosam aspernatur soluta sequi est qui. Dolores possimus quod corporis exercitationem quis ut repellendus. Quia quos alias ex non enim doloribus doloribus commodi. Error cum eum eos dolorum.','2020-07-20 21:18:25','2020-05-22 21:21:40'),(141,141,50,9,3,'Qui cumque distinctio aliquid excepturi ut consectetur non. Rerum voluptatum quo voluptas minima fuga aut. Similique corporis consequatur quo consequatur neque laboriosam aspernatur.','2019-12-07 14:03:07','2020-01-21 18:53:49'),(142,142,40,4,4,'Aliquam corporis ea facere repellat. Totam sit repudiandae occaecati iste itaque in ut similique. Quidem dolorem neque et ab possimus quaerat. Nostrum ipsam amet fuga unde repellat nobis facere.','2020-09-19 05:46:25','2020-09-06 12:28:48'),(143,143,9,10,5,'Doloribus asperiores tempore cum fugit. Pariatur aspernatur illum iure dolorem quis rerum. Sunt sed totam odio quis consequatur voluptates. Eligendi aperiam dolores rerum iusto aliquid ea voluptatem.','2020-05-16 09:34:03','2020-09-21 15:21:21'),(144,144,51,6,6,'Nostrum aspernatur voluptates cupiditate alias provident saepe. Assumenda distinctio sit vel beatae earum. Neque natus quaerat est et architecto. Iusto ut et voluptas ea dolorum.','2020-07-15 21:08:07','2019-12-31 18:47:58'),(145,145,39,7,1,'Aut qui explicabo cupiditate minima fuga. Omnis placeat velit reprehenderit et ipsa dignissimos temporibus. Est rerum nostrum aut minus soluta. Id eos nisi iusto aspernatur iure nihil excepturi sed.','2020-06-28 04:04:48','2020-02-23 22:39:14'),(146,146,56,4,2,'Numquam suscipit eius odit laborum maxime. A excepturi ducimus enim dolores cum. Nemo atque iure dolore beatae eligendi numquam. Provident voluptatum sit architecto iusto.','2020-01-13 03:23:27','2020-08-06 00:13:09'),(147,147,17,2,3,'Voluptas minima odit voluptatum ipsam quaerat. Ea cupiditate impedit dolores qui incidunt natus. Cumque possimus debitis eius dolor ut nihil. Delectus earum eum ipsa explicabo non fuga aliquid.','2020-07-11 23:55:10','2019-12-22 03:54:17'),(148,148,22,4,4,'Sit occaecati aliquid consequatur non ea aut itaque. Nisi et commodi quisquam est ipsa natus. Neque in ducimus ea inventore. Sed dolores excepturi ut.','2020-05-12 01:14:53','2020-04-14 22:04:08'),(149,149,34,8,5,'Ullam et reprehenderit sint et. Molestiae et odit illo eos modi. Tempora rem vero magni soluta.','2020-05-23 16:31:16','2020-03-11 20:22:42'),(150,150,48,3,6,'Suscipit quam sint maxime cupiditate amet dolore eius. Voluptas dolore qui perspiciatis iste. Quia consequatur animi inventore laborum nisi.','2020-01-12 02:45:44','2020-01-27 11:18:59'),(151,1,67,1,1,'Tempore nemo reiciendis omnis sit. Provident deleniti distinctio aliquam voluptatem sint ea optio. Nemo tempora omnis voluptas fugiat. Earum hic ipsam officiis et doloribus.','2019-12-16 12:38:19','2020-09-10 13:07:59'),(152,2,72,3,2,'Et architecto consequatur magnam ad perspiciatis. Quis quidem tempore non eveniet provident corporis recusandae sit. Rerum dignissimos odit sunt.','2020-02-17 03:27:15','2020-10-06 00:44:39'),(153,3,80,8,3,'Quibusdam aspernatur a et vero. Velit impedit non ut iste. Minima nulla illo ullam ut. Ut perferendis dolor ut molestias quia eligendi.','2020-06-07 07:16:16','2020-05-18 14:27:52'),(154,4,28,10,4,'Qui et est alias voluptatem similique quas. Illo officia sunt sit ea. Sunt ipsa vero quod qui inventore laborum. Libero ut tenetur omnis quidem rem eos quia adipisci.','2020-03-18 00:28:17','2020-02-10 07:41:52'),(155,5,25,2,5,'Aut delectus fugiat recusandae architecto pariatur veritatis. Dolore ut unde qui et atque ea rerum. Tempora dolore qui sit inventore nemo error repudiandae.','2020-03-13 23:38:55','2020-01-31 09:44:25'),(156,6,15,9,6,'Quia cupiditate consequatur laboriosam natus fuga. Voluptas voluptatem qui optio qui ducimus quia. Eum sed vel excepturi dolorem nesciunt aut veniam.','2019-11-26 10:31:10','2019-11-03 01:03:16'),(157,7,13,5,1,'Ut nihil hic libero sequi. Est est culpa ut nihil suscipit cumque corrupti incidunt. Animi modi a iure aut praesentium vitae. Quia quisquam qui temporibus.','2020-01-01 17:36:23','2020-01-11 00:36:24'),(158,8,75,2,2,'Voluptates illo ipsa et pariatur sunt et vel. Quis quos impedit ipsum qui aut qui. Voluptates ipsam voluptatibus et. Facere magni culpa sit similique quisquam est quasi repudiandae.','2020-07-08 02:35:04','2020-04-01 10:52:03'),(159,9,12,5,3,'Eos qui cum vitae autem enim temporibus. Et qui sapiente sint corporis. Est blanditiis ut nihil eos. Amet assumenda ab ex laboriosam autem at.','2020-09-17 14:36:32','2020-04-26 18:53:39'),(160,10,46,10,4,'Velit rerum at iste veniam. Non pariatur et earum modi. Et non animi ullam consequuntur unde. Omnis ipsum est voluptas nesciunt commodi ad voluptatibus illo.','2019-10-31 09:20:19','2020-07-21 16:05:57'),(161,11,42,7,5,'Quo veniam incidunt culpa ipsum aut. Quia et enim pariatur odio sunt qui. Nam accusantium facere a.','2020-06-10 19:34:41','2020-07-26 21:20:34'),(162,12,27,10,6,'Et dolores voluptatem sit ipsam et et delectus. A maiores distinctio autem tenetur vero quos. Nobis sed in sapiente expedita.','2020-06-03 03:01:58','2019-10-29 00:12:01'),(163,13,55,6,1,'Ab consequuntur ipsa sint maiores illo. Accusantium repellendus eveniet quia atque recusandae delectus. Autem nulla dicta aliquam libero. Ipsa id ipsum omnis in aliquam.','2020-06-21 13:58:21','2020-07-15 13:37:11'),(164,14,96,4,2,'Est consequatur hic magni voluptates nostrum officia repellendus. Similique aut voluptatem quae officiis saepe ut.','2019-10-18 21:46:16','2020-04-15 19:03:58'),(165,15,38,10,3,'Possimus magnam ut voluptas velit et. Iure fugit atque magnam fugiat sed aut voluptatem. Vero adipisci fuga ratione rem eveniet architecto.','2020-06-29 17:10:38','2019-11-05 17:40:07'),(166,16,47,9,4,'Corporis nam culpa accusamus dolor nostrum veritatis. Sint totam nostrum consequuntur cumque odio maiores repellendus. Rerum esse beatae quos commodi debitis blanditiis.','2020-04-22 06:07:20','2020-09-04 10:14:41'),(167,17,37,8,5,'Autem doloribus deserunt blanditiis impedit. Quasi doloribus necessitatibus enim ullam earum dignissimos. Voluptatem est optio rerum ut. Vero repellendus rerum consequatur consequatur quia.','2020-07-11 21:41:28','2020-01-21 10:06:53'),(168,18,26,1,6,'Nostrum facere temporibus rerum. Laboriosam quasi sunt laborum ut officia.','2020-01-19 17:56:15','2019-10-16 03:35:10'),(169,19,57,3,1,'Eligendi et repudiandae est sint rerum itaque odio. Doloremque est repellat omnis deleniti. Nihil at sequi iusto quo perspiciatis neque.','2019-11-05 16:37:56','2019-11-29 15:35:14'),(170,20,91,7,2,'Autem aspernatur molestiae recusandae et sequi odit non. Animi autem qui aut alias sed. Fuga quo et et suscipit deleniti laudantium quasi. Excepturi ea sed quo cum beatae sint architecto.','2020-01-22 15:26:41','2020-06-24 09:25:50'),(171,21,72,6,3,'Eius et consequuntur veritatis excepturi eos quia expedita. Doloribus perspiciatis illum et repudiandae voluptatem saepe.','2019-11-14 12:13:50','2020-07-17 09:50:35'),(172,22,6,8,4,'Nesciunt explicabo ex molestias ducimus. Totam aut qui vel reiciendis nisi ut aut. Sint sunt culpa eum. Repellendus omnis dolorem pariatur ut doloremque nihil est laudantium.','2019-12-09 02:43:48','2020-09-18 07:39:23'),(173,23,30,6,5,'Blanditiis expedita aut expedita facere facilis. Non voluptatem velit velit. Corporis est et sunt aut veritatis eaque iusto. Dolor et nesciunt itaque delectus quaerat.','2020-07-30 23:25:45','2020-02-19 12:33:10'),(174,24,81,6,6,'Maiores dolore ut molestias vitae non et. Voluptatem neque ex repellendus ad sit. Aut quia quisquam harum accusantium ut et dolor. Et officia excepturi adipisci.','2020-09-23 08:00:21','2020-04-08 02:50:56'),(175,25,57,2,1,'Voluptatem aut quae enim architecto consequatur. Et voluptatibus delectus aliquam aperiam ullam ut velit. Neque quisquam sapiente adipisci.','2020-06-19 01:43:57','2020-09-10 10:42:17'),(176,26,68,6,2,'Nemo molestiae illo dolore id nihil possimus. Reiciendis pariatur rerum aliquid est quam qui. Cum quidem aut libero dolores. Asperiores est nihil quasi assumenda et.','2020-05-02 12:33:47','2019-12-19 23:36:33'),(177,27,36,8,3,'Aliquam quos perferendis voluptatem nostrum. Molestiae laboriosam ab nostrum sunt est voluptatem. Facere velit officia odit sed porro aliquam.','2020-03-25 14:38:38','2020-03-08 14:19:50'),(178,28,73,2,4,'Voluptatum nisi eaque qui quas ratione quam in. Voluptatibus molestiae nulla omnis et deleniti quis deleniti. Totam rem veniam recusandae iure autem.','2020-03-18 02:34:18','2020-02-15 10:18:34'),(179,29,90,5,5,'Minus suscipit veritatis rerum est optio fugit. Qui voluptates iusto qui aut. Et dolorem est voluptatem odio ex voluptates perferendis.','2020-04-15 02:56:31','2020-01-20 19:14:35'),(180,30,69,7,6,'Sit architecto ullam quis id dolore rerum similique ab. Veniam sint nesciunt rerum voluptatem pariatur. Iusto ipsam velit commodi assumenda eum beatae. Doloribus vel cupiditate corrupti possimus.','2020-06-15 17:30:46','2020-03-31 07:16:06'),(181,31,20,9,1,'Fugiat repellendus exercitationem similique praesentium qui facere animi. Earum vitae quidem et iure molestias quaerat. Est saepe dolor unde ut occaecati. Quis voluptatum et debitis omnis.','2020-08-18 14:02:24','2020-09-14 22:11:28'),(182,32,57,5,2,'Sit eveniet ut nostrum sed. Magni repellendus dignissimos earum. Sunt temporibus ab qui enim rem.','2019-10-16 16:47:01','2019-12-27 15:37:38'),(183,33,41,7,3,'Alias blanditiis aut consequatur. Animi et iusto velit aut ipsum voluptatem eos quod.','2020-04-04 01:08:56','2020-04-26 21:42:31'),(184,34,100,6,4,'Voluptatem quaerat est sed. Et delectus est voluptatem non architecto. Consectetur fugit quod voluptates sint nam eaque nemo doloribus.','2019-12-06 13:35:24','2020-03-19 23:14:26'),(185,35,84,6,5,'Ut error autem in quo. Sint et non officiis id laborum quaerat repellat iusto.','2020-02-08 17:35:27','2020-04-07 03:20:32'),(186,36,66,6,6,'Ut aut ut mollitia dolores enim impedit. Ut omnis vel quod cum harum earum. Id voluptatem in praesentium alias enim libero. Totam vel eos et excepturi.','2020-01-26 16:49:10','2020-09-26 10:17:43'),(187,37,14,8,1,'Provident ducimus odit qui non est. Aspernatur distinctio numquam maiores recusandae ut.','2020-01-09 01:00:52','2020-09-22 23:46:09'),(188,38,96,10,2,'Praesentium quo aut expedita et ipsum. Eos voluptatem cumque sint impedit ut dignissimos incidunt. Consequuntur placeat est atque ut facere.','2020-05-12 03:56:55','2020-09-12 23:07:30'),(189,39,40,3,3,'Sed alias in repellendus consequuntur quis ut. Laborum adipisci totam omnis numquam. Error qui quaerat quia aut deserunt quos architecto vitae.','2019-12-17 11:41:54','2020-02-03 21:38:35'),(190,40,26,10,4,'Repudiandae ullam ex animi sint beatae mollitia similique eius. Corporis quis quis sequi odio. Dolorum fugit dolores enim illum laboriosam eum. Delectus illum unde beatae qui quaerat officia quo.','2020-08-11 12:43:26','2019-12-16 07:25:21'),(191,41,42,9,5,'Saepe velit illum eligendi eos tempora non aut velit. In veritatis ut in ut nostrum ut excepturi dolorum. Libero dolorem et ut porro est voluptatem. Placeat ea quos omnis possimus.','2020-01-23 08:15:32','2020-04-22 01:29:26'),(192,42,81,8,6,'Dolore quia commodi quia quos saepe. Eius assumenda molestiae sed consequuntur. Omnis nihil nihil dolor eius. Et ut accusantium nulla maxime.','2020-04-29 10:34:16','2020-06-10 07:33:12'),(193,43,53,10,1,'Laboriosam sit doloremque id ab at ratione. Ut voluptate laborum qui dolores sunt. Sunt deleniti adipisci sit et est. Necessitatibus non saepe quidem quia labore dolor.','2020-09-15 03:19:53','2020-06-10 04:17:52'),(194,44,96,2,2,'Ex quidem corrupti officiis et odit odio. Sint natus vel dolorem sunt ut qui tempora. Non eum officia eligendi iste consequatur repellat sunt.','2020-04-26 04:54:46','2020-09-28 11:40:41'),(195,45,76,10,3,'Placeat fugit iure sit quod minima voluptas voluptatem dolore. Consequuntur eum optio fugit non maxime eligendi. Optio a doloremque itaque iure est maxime.','2020-05-01 13:03:58','2019-12-23 07:34:18'),(196,46,91,3,4,'Suscipit alias ea inventore deleniti consequatur voluptas. Voluptatem quas beatae eligendi quam. Vel ipsa saepe cumque odit dolorem perspiciatis provident. Fugiat praesentium eaque porro accusantium.','2020-07-10 07:33:39','2020-04-01 12:31:28'),(197,47,43,4,5,'Dolor deleniti aperiam maiores delectus et rerum. Assumenda illo assumenda placeat veniam inventore laudantium. Facilis exercitationem ducimus sit minus accusantium.','2020-01-24 05:04:10','2019-10-30 07:21:52'),(198,48,13,10,6,'Eos voluptates sequi nesciunt cupiditate vitae eligendi in non. Magnam ut nesciunt minima non. Excepturi neque eum qui perferendis. Velit eaque perferendis veritatis dicta aut.','2020-04-05 08:09:28','2020-08-07 23:10:43'),(199,49,16,1,1,'Placeat eveniet corrupti et. Odio culpa animi aut nesciunt ducimus perferendis sint. Mollitia quo veniam amet quam laborum ratione doloremque.','2020-01-02 04:33:30','2020-02-08 04:15:09'),(200,50,99,3,2,'Ratione ex quaerat facere id labore libero. Velit voluptatem praesentium ut alias sint. Ex qui eveniet quibusdam et et ex magni. Deleniti exercitationem expedita qui quisquam totam impedit.','2020-06-25 22:48:02','2020-08-05 22:53:07'),(201,51,3,9,3,'At et nemo fuga et voluptatum. Dolores expedita odio dolor aut et. Omnis dolorem unde minus animi. Odio est et quia.','2019-12-29 04:16:15','2020-04-09 15:41:24'),(202,52,88,9,4,'Quis ullam eveniet minima dolorem. Sed ut vero dolor. Minima ratione vitae aut fuga neque dolorum. Magni laboriosam voluptas est placeat impedit dicta tenetur.','2020-03-19 21:55:21','2020-05-10 15:19:51'),(203,53,4,10,5,'Tempora sunt nesciunt sit in dolorem laborum. Ipsam aliquam animi suscipit pariatur qui officia. Eos unde eum sit accusamus nesciunt qui corrupti. Quidem nam illo est omnis veritatis.','2020-01-04 01:52:34','2019-12-24 08:11:56'),(204,54,33,7,6,'Doloribus quia veritatis sint aut libero porro vitae. Qui ut occaecati nostrum. Rerum quam ipsa ducimus expedita voluptas non quibusdam. Rerum sit aut maiores consectetur voluptas.','2020-06-11 12:36:31','2020-06-01 17:59:13'),(205,55,68,7,1,'Quae quia excepturi voluptatem consequuntur nisi odit. Enim sit est neque repellat aliquid laudantium sit. Odit id molestiae sit quibusdam et labore. Veritatis non iure eveniet nesciunt qui non.','2020-05-18 05:22:40','2020-10-05 15:29:20'),(206,56,61,9,2,'Quia illo voluptatem est occaecati odit consequatur. Exercitationem voluptatum voluptas qui placeat qui. Sapiente excepturi et animi unde autem.','2020-07-07 10:47:20','2020-02-21 04:01:34'),(207,57,1,9,3,'Explicabo qui fuga natus tempore ducimus. Dolores quidem corrupti rerum commodi iste. Rerum voluptas excepturi reprehenderit voluptatem. Iure at velit assumenda omnis.','2020-01-14 07:03:54','2020-07-17 16:19:35'),(208,58,4,4,4,'Rem aut omnis omnis sint. Voluptas aperiam possimus consequatur fugit rerum nihil. Quas quibusdam aliquid aut ut incidunt rem culpa.','2020-10-03 09:25:53','2020-10-06 15:22:33'),(209,59,33,9,5,'Expedita laudantium sed repellendus quas. Voluptas vel perferendis et doloremque. Rerum enim distinctio dolorem vitae enim aut quis. Ut nesciunt at aut minus consequatur rerum.','2020-06-10 19:07:41','2019-10-21 02:31:01'),(210,60,90,3,6,'Fugit numquam ex dolor repellendus vel qui. Porro nihil facere similique. Omnis quam deserunt quo ut dolor quam et unde. Pariatur quas laboriosam optio quas eos.','2020-03-16 03:47:36','2020-06-18 03:36:45'),(211,61,73,9,1,'Et quas ex mollitia et eaque repellendus quibusdam. Pariatur unde commodi sint tempora et qui quis. Itaque et aut non officia possimus odit. Ea dolores rerum est a et natus recusandae suscipit.','2020-08-24 13:17:48','2020-05-28 17:38:10'),(212,62,52,7,2,'Quod vero sed nihil. Ut iure dolor dolorem dolorem omnis. Dolorum et rerum accusantium voluptatem et omnis aliquam debitis. Inventore enim voluptatem repudiandae dicta delectus hic.','2020-06-25 11:38:00','2020-09-29 18:18:32'),(213,63,46,5,3,'Et possimus magni hic est accusamus dolores. Quaerat itaque molestiae nihil qui aut sed et. Ullam minima velit et.','2020-07-20 04:31:35','2020-02-18 01:43:21'),(214,64,13,5,4,'Modi et quos in doloremque. Illo et nemo nihil doloremque dolore a officia. Dignissimos quaerat inventore harum voluptas rem optio. Quae et veniam voluptatem reprehenderit dolore est.','2019-12-07 18:18:45','2020-07-26 21:55:47'),(215,65,52,7,5,'Maiores corrupti enim praesentium asperiores. Labore voluptas omnis facere impedit ducimus soluta totam. Optio numquam aliquam modi ducimus iste assumenda nesciunt aut.','2020-06-27 10:38:56','2020-08-19 04:14:29'),(216,66,30,7,6,'Rem et error sed quidem dolore aut sit. At perferendis praesentium est incidunt dolores. Fuga vero recusandae delectus consequatur in ut. Enim est inventore cumque explicabo qui.','2020-07-23 23:40:53','2019-12-23 05:01:33'),(217,67,78,10,1,'Et officia dolore consectetur. Ut cum non facere amet aliquam commodi. Doloribus rerum soluta dolores et esse praesentium.','2020-07-04 05:13:49','2020-04-21 04:30:45'),(218,68,66,10,2,'Modi autem placeat velit quia id ut. Reiciendis tempore reprehenderit perspiciatis. Voluptatem vero et qui quos optio voluptas dolorum. Asperiores velit et rerum ipsum dicta blanditiis et nisi.','2020-01-24 04:52:11','2020-01-17 11:21:05'),(219,69,26,10,3,'Esse non aut saepe ut. Tenetur dolorum consectetur dicta ut totam amet in nesciunt. Assumenda pariatur ut pariatur id.','2020-06-26 18:59:31','2019-12-12 23:26:18'),(220,70,18,8,4,'Architecto et sapiente et ab. Velit voluptatem molestias autem expedita officia reprehenderit qui ut. Doloribus vero et ullam et velit.','2020-10-06 20:43:13','2019-11-16 21:13:53');
/*!40000 ALTER TABLE `order_items` ENABLE KEYS */;
UNLOCK TABLES;

--
-- Table structure for table `order_statuses`
--

DROP TABLE IF EXISTS `order_statuses`;
/*!40101 SET @saved_cs_client     = @@character_set_client */;
/*!50503 SET character_set_client = utf8mb4 */;
CREATE TABLE `order_statuses` (
  `id` int unsigned NOT NULL,
  `name` varchar(50) CHARACTER SET utf8 COLLATE utf8_unicode_ci DEFAULT NULL COMMENT 'Статус заказа',
  PRIMARY KEY (`id`)
) ENGINE=InnoDB DEFAULT CHARSET=utf8 COLLATE=utf8_unicode_ci COMMENT='Статусы заказов';
/*!40101 SET character_set_client = @saved_cs_client */;

--
-- Dumping data for table `order_statuses`
--

LOCK TABLES `order_statuses` WRITE;
/*!40000 ALTER TABLE `order_statuses` DISABLE KEYS */;
INSERT INTO `order_statuses` VALUES (1,'pending'),(2,'awaiting payment'),(3,'awaiting fullfillment'),(4,'awaiting shipment'),(5,'awaiting pickup'),(6,'partially shipped'),(7,'completed'),(8,'shipped'),(9,'canceled'),(10,'declined'),(11,'returned'),(12,'disputed'),(13,'manual verification required'),(14,'pertially returned');
/*!40000 ALTER TABLE `order_statuses` ENABLE KEYS */;
UNLOCK TABLES;

--
-- Table structure for table `orders`
--

DROP TABLE IF EXISTS `orders`;
/*!40101 SET @saved_cs_client     = @@character_set_client */;
/*!50503 SET character_set_client = utf8mb4 */;
CREATE TABLE `orders` (
  `id` int unsigned NOT NULL,
  `client_id` int unsigned DEFAULT NULL,
  `order_status_id` int unsigned DEFAULT NULL,
  `cost` int unsigned DEFAULT NULL COMMENT 'Стоимость заказа',
  `details` text CHARACTER SET utf8 COLLATE utf8_unicode_ci COMMENT 'Детали заказа',
  `created_at` datetime DEFAULT CURRENT_TIMESTAMP,
  `updated_at` datetime DEFAULT CURRENT_TIMESTAMP ON UPDATE CURRENT_TIMESTAMP,
  PRIMARY KEY (`id`),
  KEY `orders_client_id_fk` (`client_id`),
  KEY `orders_order_status_id_fk` (`order_status_id`),
  CONSTRAINT `orders_client_id_fk` FOREIGN KEY (`client_id`) REFERENCES `clients` (`id`) ON DELETE CASCADE,
  CONSTRAINT `orders_order_status_id_fk` FOREIGN KEY (`order_status_id`) REFERENCES `order_statuses` (`id`) ON DELETE SET NULL
) ENGINE=InnoDB DEFAULT CHARSET=utf8 COLLATE=utf8_unicode_ci COMMENT='Заказы';
/*!40101 SET character_set_client = @saved_cs_client */;

--
-- Dumping data for table `orders`
--

LOCK TABLES `orders` WRITE;
/*!40000 ALTER TABLE `orders` DISABLE KEYS */;
INSERT INTO `orders` VALUES (1,1,1,27,'Facilis asperiores molestiae aut officiis labore ex. Laborum ut voluptatum enim sit rerum repellendus vel. Ipsam minus assumenda molestiae ut velit. Ut ut dolores voluptatibus officia quibusdam.','2020-08-05 14:52:21','2020-02-21 04:47:16'),(2,2,2,331,'Quas consequatur repellendus ab nostrum. Quisquam natus qui molestias omnis. Eligendi nemo dolorum cupiditate accusantium debitis.','2020-08-26 21:50:27','2020-08-09 01:43:52'),(3,3,3,401705,'Possimus molestiae quis ut enim voluptas. Maiores maiores eius commodi ipsa magnam. Corporis ut recusandae qui quia fugit quod voluptates. Dolores quasi non rerum.','2019-12-15 00:28:37','2020-08-23 16:28:18'),(4,4,4,8739405,'Veniam ab dolorum reiciendis dolores et dolor qui commodi. Assumenda non culpa quidem numquam inventore dolor architecto. Cupiditate sapiente laborum modi aliquid perspiciatis.','2019-10-12 18:37:57','2020-07-02 19:04:25'),(5,5,5,5280,'Ut veritatis et non dicta culpa sit. Vitae esse voluptatem consequatur.\nAssumenda quia dicta nesciunt ut. Error voluptatum explicabo repellat itaque.','2019-12-28 11:20:35','2019-12-07 15:50:57'),(6,6,6,0,'Est blanditiis non ad dolorem. Magni corporis vel quae aperiam laudantium.\nUt et id laborum voluptate possimus consequuntur. In fuga sunt fugit commodi omnis. Minus assumenda ea natus non.','2019-12-15 14:59:23','2019-11-12 19:31:53'),(7,7,7,0,'Minima molestiae possimus architecto officiis autem laborum. Tempore corrupti sit dicta ad enim incidunt. In asperiores quia id qui. Reiciendis inventore rerum cumque voluptas voluptas dolor quidem.','2020-06-21 02:11:00','2020-07-20 01:17:32'),(8,8,8,109,'Voluptatum omnis quibusdam ea voluptas. Alias fuga et harum. Non quisquam ipsam cumque tempore voluptate dolorum repellat.','2019-12-08 09:58:45','2020-04-26 16:03:26'),(9,9,9,17,'Doloribus perferendis explicabo dicta natus commodi numquam debitis. Unde quis dolorum quis aut dolore eveniet. Illum ex autem et minus quisquam fuga. Rerum dolores dolor possimus iusto.','2019-11-02 03:31:38','2020-01-03 15:19:07'),(10,10,10,4215,'Illum tenetur eligendi quam suscipit animi explicabo. Ipsum vel dignissimos veritatis id et aut. Qui qui magnam neque eveniet. Harum cumque modi commodi nostrum odit.','2020-03-14 18:37:43','2020-05-26 22:10:29'),(11,11,11,900979,'Dolor possimus et sequi. Suscipit saepe deleniti tempore cum eum autem. Rerum temporibus sed sit consequatur corporis dolores. Qui quia nisi quasi a.','2020-05-13 09:27:01','2019-12-27 17:17:26'),(12,12,12,2138,'Quo libero et omnis omnis eum omnis. Quia ab dignissimos animi voluptatem officia minima. Reiciendis voluptas repellendus accusamus.','2020-07-02 02:44:01','2020-09-21 08:22:59'),(13,13,13,6160253,'Asperiores ex incidunt laudantium inventore. Ut modi aliquid commodi ea et quasi adipisci. Ullam non molestias dolor repudiandae quia quia.','2020-08-29 19:55:39','2020-01-22 11:54:36'),(14,14,14,32495447,'Quas sapiente odio temporibus repudiandae. Dolorum aut quo reiciendis id.','2020-06-20 10:11:06','2019-11-30 21:40:02'),(15,15,1,38428382,'Eum fuga voluptas eius quo laudantium dolorum. Repellendus enim placeat ad nihil. Minima maiores sapiente et sit voluptatibus sed odio voluptates.','2020-06-04 02:24:08','2020-03-30 07:35:04'),(16,16,2,6685,'Quas aut et aliquid ullam explicabo distinctio. Et facilis inventore ipsam exercitationem ducimus sit. Consequatur quis tenetur et ut suscipit et ea. Sequi a rerum ab eaque.','2020-05-27 14:30:18','2020-06-13 23:19:30'),(17,17,3,50691,'Cupiditate sunt odit sint placeat provident. Fuga temporibus ut nam est laudantium minus sunt. Delectus unde similique adipisci nostrum sit ut enim.','2020-10-07 22:17:42','2020-01-12 10:59:46'),(18,18,4,105,'Sunt placeat voluptas est libero. Ut enim ut et placeat explicabo omnis sit. Fuga molestiae inventore deleniti dolores sunt. Facere ea ipsa dolores ea autem soluta aut illum.','2019-12-13 19:11:08','2020-04-06 21:26:35'),(19,19,5,16196,'Voluptas rerum placeat quos nam officiis quia est. Quis hic reiciendis placeat molestias ipsa accusantium dolores non. Dolorem hic architecto voluptatem.','2020-03-18 01:16:53','2020-06-04 02:17:55'),(20,20,6,41,'Animi nam est omnis ut officiis. Natus incidunt adipisci magni. Consequuntur sunt aperiam ducimus rerum sunt qui rem. Provident in cum exercitationem aut ab voluptas.','2020-02-18 10:09:15','2019-11-28 07:41:38'),(21,1,7,92,'Et ex veritatis tenetur repellendus delectus. Itaque dolore inventore et labore nesciunt facilis illo qui. Est sapiente facere cumque. Voluptate eligendi aliquam nesciunt consectetur in.','2020-05-15 10:28:12','2019-11-03 12:27:51'),(22,2,8,645,'Sint nihil est fuga enim modi doloremque. Eveniet tempore nihil qui totam pariatur dolorem voluptatem voluptatum. Tempore assumenda non sed est aspernatur vel amet. Expedita quae maxime est suscipit.','2019-10-23 20:02:46','2020-04-06 19:18:46'),(23,3,9,27466,'Porro quis beatae non corrupti odio repudiandae accusantium. Voluptatem natus omnis quo. Ad odit unde debitis vero cumque debitis.','2019-12-10 16:30:43','2019-11-07 18:23:56'),(24,4,10,739,'Ipsa enim et corporis iusto fugiat impedit id est. Exercitationem dolor distinctio vitae fuga. Itaque maxime reprehenderit aut. Dolore rem quibusdam hic et sit quis molestiae voluptas.','2020-09-14 12:15:14','2020-08-20 14:30:51'),(25,5,11,15,'Quasi et ipsa repellat. Hic laborum fugit sit occaecati blanditiis explicabo pariatur. Voluptatem est architecto est ut aut sunt et. Ullam voluptatem optio et corporis.','2019-12-15 14:26:23','2019-12-28 13:00:25'),(26,6,12,179070,'Aliquam sint harum vel ut. Est est maiores iure eum alias est eveniet. Alias qui dolor ipsam et. Maxime magnam earum in aut doloremque debitis alias. Dolor ut quam saepe.','2020-06-04 19:10:21','2020-10-04 09:01:51'),(27,7,13,1,'Quaerat totam numquam harum non deserunt ipsum neque. Officiis quis quis accusantium distinctio occaecati fugiat molestiae. Aut blanditiis mollitia voluptate et aut qui aut.','2020-04-06 17:37:33','2020-04-13 00:32:28'),(28,8,14,445647,'Ut nesciunt aperiam aut nobis. Sit numquam quibusdam cum eaque. Odio velit sit amet doloribus molestiae. Eum nam nisi aut dolor quae. Dignissimos et voluptate officiis odio maiores aut velit eos.','2020-04-04 06:03:22','2020-06-12 16:48:45'),(29,9,1,1085698,'Nesciunt enim impedit consequatur sit. Qui saepe impedit illum et architecto reiciendis. Facere non fugiat voluptatum dolorem excepturi rerum.','2020-07-27 02:10:02','2019-10-11 09:48:10'),(30,10,2,5,'Qui esse quis accusantium dolores. Provident consequatur distinctio accusantium consequatur quo quidem.\nProvident iure nostrum quis eum. Labore ipsam officiis ducimus non sunt quos.','2020-01-17 22:18:53','2020-04-01 00:54:28'),(31,11,3,6198130,'Atque ducimus aut quia numquam. Asperiores et delectus voluptates. Quibusdam suscipit dolores ipsum consectetur. Dolores recusandae fugit harum et veniam qui quam fugit.','2020-05-30 15:42:39','2019-10-30 11:21:29'),(32,12,4,52,'Asperiores reprehenderit qui voluptatem quasi minus hic repellat. Unde ipsa doloribus beatae provident eos. Vel amet et animi minus qui expedita. Vero et doloremque debitis.','2019-12-24 06:56:56','2020-05-31 05:01:28'),(33,13,5,27909096,'Quod animi nihil qui saepe aperiam. Sed rerum quos culpa officia non aut non. Quo similique nulla provident molestiae eius.','2020-09-22 21:01:27','2020-03-10 11:41:41'),(34,14,6,183632152,'Corrupti recusandae quibusdam ut numquam. Eum provident necessitatibus velit dignissimos. Sit hic labore laudantium exercitationem.','2020-04-19 00:01:42','2019-12-23 03:08:48'),(35,15,7,0,'Qui sed et dolor in facere consectetur ab. Amet molestias magnam laboriosam. Et ut quo accusantium odio placeat.','2019-11-01 13:31:45','2020-05-17 15:14:40'),(36,16,8,1019,'Aut molestiae quaerat ex qui illo. Quis fuga est quam molestiae iusto est vel. Et mollitia maxime eum delectus nulla debitis. Amet ut eum accusantium sunt voluptate autem inventore.','2020-05-12 20:04:40','2020-03-06 00:08:05'),(37,17,9,7217445,'Ex officia sed quibusdam consequuntur reiciendis. Asperiores ut quia non voluptatem. Quae odit inventore esse. Qui natus aut velit aut et enim veritatis.','2020-01-24 02:39:22','2020-06-20 09:22:42'),(38,18,10,1945,'Voluptas est aspernatur minus atque. Error id qui vel repellendus. Qui autem quo voluptatem laboriosam quia ea. Ducimus natus eum et voluptas sit ullam impedit.','2020-08-16 12:30:48','2020-08-08 21:47:42'),(39,19,11,3094670,'Dolorum qui ut sed minus beatae quibusdam qui. Dolores ut officia quisquam ducimus.','2020-05-29 14:38:54','2020-06-03 23:37:25'),(40,20,12,137,'Distinctio ad dolore et cumque vel dolore. Autem et recusandae dicta enim dolorem odio. Ipsum fugiat tenetur fuga ut amet.','2020-09-26 03:30:20','2020-01-25 11:26:10'),(41,1,13,0,'Culpa omnis cupiditate ut iure quia est. Enim voluptatem illum qui soluta corporis dolor doloribus. Vel reprehenderit possimus amet aut repellendus.','2020-02-23 05:25:48','2020-02-10 16:27:05'),(42,2,14,195610,'Ipsum nostrum et numquam minima. Dolores consectetur quia labore. Et quo cupiditate eos non iure id deleniti. Minima sed et dolores non vel et in.','2020-09-01 11:19:08','2020-06-10 00:55:36'),(43,3,1,62,'Odit ex explicabo ut et aut vero quas. Ex ex assumenda earum ut voluptas. Et omnis commodi voluptate vero tenetur et beatae.','2020-09-21 10:06:37','2020-09-28 13:21:59'),(44,4,2,76193,'Iure eius tempore animi laboriosam quaerat explicabo. Hic corporis quam placeat sunt sapiente ut cum. Modi numquam pariatur eos sunt. Qui quis laudantium iusto est.','2020-09-08 01:58:43','2020-03-13 12:45:32'),(45,5,3,0,'Rem doloribus voluptates et facilis et. Qui et illo quasi nesciunt. Earum et in occaecati ipsam.','2019-10-12 22:22:14','2020-03-08 01:19:59'),(46,6,4,8678,'Dolorum dolore enim eaque odit blanditiis unde expedita illum. Consequatur error dolores at maxime perferendis voluptas. Quis voluptatem optio nesciunt et consequuntur esse.','2020-09-16 02:30:36','2020-06-25 16:16:33'),(47,7,5,3,'Ut consequatur soluta laudantium molestiae. Accusamus nostrum harum magnam natus quam aut. Nam aut quia suscipit autem et blanditiis repellendus.','2020-08-24 13:04:22','2020-08-08 10:23:33'),(48,8,6,272952441,'Qui facilis error facilis dolores occaecati. Voluptas at atque et cupiditate. Rerum rerum ullam occaecati vero modi. Fugiat et enim accusantium omnis.','2020-02-01 19:14:52','2020-05-17 05:20:22'),(49,9,7,21,'Voluptatem et et aut in. Amet sed excepturi deleniti culpa. Facere reiciendis omnis non consequatur.','2020-01-27 20:07:11','2020-02-02 18:49:24'),(50,10,8,429284746,'Reiciendis amet aspernatur accusamus quis soluta a soluta. Placeat aut in sed iure soluta ipsa possimus.','2019-12-20 14:10:52','2019-12-16 06:25:18'),(51,11,9,1,'Aspernatur facere veniam velit atque asperiores est. Quasi assumenda labore nam sed voluptatum. Molestiae ratione labore rerum ut repellendus voluptatem. Magnam mollitia totam quis.','2020-03-11 18:13:05','2019-12-30 06:04:30'),(52,12,10,5,'Aut a dicta aut eius natus. Ipsum quia iure repellendus aperiam quam nihil dignissimos. Recusandae dolor perferendis voluptates aperiam.','2020-04-25 03:54:12','2020-08-23 20:21:12'),(53,13,11,6199340,'Ab officiis exercitationem laudantium officia officia. Est vel a ab quia laudantium fuga.','2020-03-18 02:03:44','2020-04-25 01:50:42'),(54,14,12,0,'Eius a occaecati cum eaque amet aut. Vel nihil ut dolorem doloribus et quos dicta. Recusandae autem est perspiciatis ullam qui enim expedita. Illum quia et perspiciatis qui expedita.','2020-01-12 00:03:33','2020-03-26 13:39:41'),(55,15,13,178473109,'Unde similique nesciunt ex eius quia et. Eum cumque atque dolorem magni.','2020-03-02 22:43:54','2020-06-15 19:30:14'),(56,16,14,1,'Enim doloribus soluta laudantium commodi pariatur harum molestiae. Ex perspiciatis et molestiae qui asperiores omnis saepe. Sequi soluta nulla eum aliquid ducimus temporibus et.','2020-05-12 04:04:36','2020-06-05 15:30:31'),(57,17,1,86,'Maiores dolor dolor unde vitae. Aut tempore dignissimos veniam maiores eos quia. Est quidem fuga ut aut maiores labore vero. Earum alias dignissimos iste quibusdam.','2019-10-28 14:51:13','2020-09-19 10:33:26'),(58,18,2,8806710,'Officia quo adipisci incidunt expedita odit. Impedit fuga ratione nemo et totam. Recusandae autem officia ut optio quod.','2020-07-21 06:33:09','2019-11-11 09:09:55'),(59,19,3,593937,'Blanditiis sed pariatur voluptatem. Voluptates ut eos libero dicta.','2019-12-11 00:54:02','2020-06-01 03:37:37'),(60,20,4,5,'Ipsum est excepturi non voluptatibus dolor. Nostrum perferendis libero illo et vel necessitatibus laboriosam. Placeat aperiam non inventore harum ullam architecto.','2020-02-03 12:16:13','2020-08-20 05:34:57'),(61,1,5,18906,'Explicabo architecto vitae mollitia odio dicta sunt et. Voluptas corrupti aliquam vitae commodi ratione. Velit aut saepe aut nobis quia sunt et. Architecto et asperiores esse neque et aliquid at.','2020-06-12 03:30:10','2019-12-02 15:00:51'),(62,2,6,1,'Ut velit natus et consequatur occaecati earum quo. Eaque veritatis eos aut sed qui quia in.','2019-12-21 03:00:48','2020-02-27 15:19:44'),(63,3,7,16649,'Voluptates sunt aut ea aliquam recusandae adipisci assumenda. Atque praesentium nemo inventore et est. Et nobis soluta fuga id voluptates. Est vero velit repudiandae et nihil minima.','2020-04-02 15:29:22','2020-07-28 06:05:52'),(64,4,8,6200043,'Quam quia praesentium assumenda ratione tempore et laudantium. Ab eaque est laboriosam. Atque ut atque occaecati natus est non quibusdam odio.','2020-09-29 22:10:40','2020-04-21 02:52:31'),(65,5,9,29,'Non laborum repellendus consequatur officia. Nobis ipsa nihil perspiciatis expedita culpa. Rerum omnis praesentium laudantium pariatur quis non ratione.','2020-07-26 05:00:57','2020-05-06 17:35:07'),(66,6,10,3309,'Enim quam doloremque maxime qui. Sapiente in perferendis sed tempore ut enim. Aut esse enim nisi. Sapiente atque dolorem magni exercitationem voluptas possimus.','2020-01-23 22:19:27','2020-08-09 02:34:17'),(67,7,11,3463,'Occaecati atque recusandae dolor ratione nesciunt laudantium. Omnis et eum deleniti qui consequatur maiores aut ut. Doloribus et aliquam assumenda aut.','2020-02-03 11:44:06','2020-04-27 08:53:04'),(68,8,12,1071999,'Eligendi corrupti quos est fuga quidem. Molestias aut quibusdam earum consequatur officia ipsam aut. Suscipit laudantium porro inventore.','2020-07-29 07:54:57','2020-07-25 15:50:05'),(69,9,13,306269129,'Quia non consequatur sit ab. Aut repellendus vel temporibus quos voluptatem amet dolores soluta. Aut ut facilis mollitia hic quaerat et.','2019-11-13 11:03:32','2020-01-21 12:18:51'),(70,10,14,68693052,'Aut sit saepe illo ut beatae sunt. Deleniti sequi dolor veniam dolorum voluptate numquam ipsum magni. Molestiae voluptatem a et voluptatibus dolor earum. Ab maxime nihil exercitationem.','2020-05-28 11:05:14','2019-12-04 20:08:55'),(71,11,1,35555116,'Amet et expedita ea porro eos autem soluta. Distinctio consequuntur placeat modi veniam odit. Alias est eius magni fugiat laborum quos commodi.','2020-10-10 23:09:42','2020-04-28 04:32:48'),(72,12,2,8203,'Sint ea et a aut eos et expedita rerum. Consequatur animi officia optio asperiores nihil cupiditate. Et eum dolores perspiciatis voluptatem autem quia ad. Aliquam consequatur rerum sint.','2020-02-11 22:54:19','2020-01-31 20:08:13'),(73,13,3,1,'Est magnam magnam sint dolores exercitationem in nulla. Dolorem sunt sapiente deleniti et vel laborum et.','2020-03-01 01:56:32','2019-10-27 05:28:28'),(74,14,4,2724,'Necessitatibus culpa et ullam qui voluptas. Cum debitis nobis id sed adipisci alias voluptatem doloremque.','2019-10-11 13:15:22','2019-11-11 13:19:44'),(75,15,5,30113,'Et et beatae ut numquam rerum repudiandae. Quaerat distinctio delectus velit ea quia beatae velit. Expedita voluptatibus aut tempore eum et.','2019-12-01 16:30:07','2020-08-02 14:42:06'),(76,16,6,89975,'Cumque earum nam libero aut ex placeat. Et sunt esse iure enim. In nostrum officiis officiis culpa in est earum. Modi dolore eaque accusamus. Consectetur voluptatem sed beatae ducimus aspernatur.','2020-06-25 04:12:57','2019-11-15 04:19:38'),(77,17,7,0,'Deserunt necessitatibus perspiciatis alias possimus ea veritatis. Impedit vitae placeat ut laudantium. Eum possimus repudiandae quia veniam omnis est aut. Numquam veritatis voluptatibus omnis.','2019-11-23 09:13:09','2019-10-15 10:05:33'),(78,18,8,0,'Blanditiis dicta ab velit reprehenderit sint in. Odit veniam praesentium atque non voluptate enim est. Maxime molestiae occaecati enim eveniet consequatur.','2020-02-27 03:52:37','2020-02-05 12:41:48'),(79,19,9,412166398,'Dolor minus vitae consequatur sequi magni ipsa. Voluptas eum quo et aspernatur. Est quo in in inventore qui dolorum.','2020-02-08 01:40:03','2020-06-01 03:29:46'),(80,20,10,670480690,'Vitae eius placeat aut soluta reiciendis dolores repudiandae. Rerum cumque aut odit soluta facilis. Quae quaerat iure omnis omnis et. Rerum sit nihil dolore ad.','2020-09-03 19:48:39','2020-05-25 14:54:23'),(81,1,11,386,'Quaerat dolorem et totam laboriosam iure eum aut blanditiis. Id quod dolores sunt assumenda sit non quos debitis. Pariatur nam autem perferendis consequatur rem.','2020-02-20 23:09:39','2020-01-11 14:56:05'),(82,2,12,0,'Quisquam quidem quo ea non sit error. Exercitationem earum ducimus ipsa id iste repudiandae. Nesciunt ut sint dolorum cum blanditiis.','2020-07-14 08:39:35','2020-06-26 20:34:23'),(83,3,13,5010976,'Eligendi et et quia cumque quam. Ut rem sunt voluptatem. Quia placeat ratione ea et.','2020-10-04 14:08:29','2020-08-07 05:52:23'),(84,4,14,49654380,'Veritatis pariatur non et enim. Reiciendis itaque qui et porro eum dolorum. Unde facilis voluptatibus et a ipsa. Sequi qui earum blanditiis aut id qui provident facere.','2019-12-02 13:26:29','2020-07-23 05:57:23'),(85,5,1,80,'Eveniet omnis voluptatum qui quam sequi ex ut pariatur. Impedit voluptatibus qui culpa error qui rerum esse. Quos illum quia aut iure voluptate qui est. Eos laborum laborum consequatur autem et quis.','2020-08-04 15:07:18','2020-02-11 17:31:51'),(86,6,2,4686259,'Nemo molestiae adipisci velit ea. Occaecati itaque inventore ex nihil consequuntur. Optio incidunt illo dolorem qui ut.','2020-08-21 19:47:02','2020-06-08 08:18:43'),(87,7,3,334074,'Vel veritatis autem facilis officia consequatur. In maiores ab omnis doloribus ut enim. Voluptatem asperiores sapiente ad asperiores voluptatem provident laboriosam.','2020-06-26 00:14:33','2020-07-11 19:52:42'),(88,8,4,4984623,'Temporibus rerum dolor numquam odit perferendis velit. Eum minima similique nihil. Sed tenetur est magnam fugit fugiat voluptatem explicabo dolores.','2020-02-24 17:32:09','2020-09-24 20:39:29'),(89,9,5,4219,'Cum vero consequatur a aspernatur repellendus. Dolore et quisquam eaque sint.','2019-10-29 15:44:25','2020-02-25 22:21:25'),(90,10,6,0,'Vitae neque fuga nostrum officia. Temporibus est rem esse. Et quaerat officia sed.','2019-12-26 21:35:35','2019-12-31 21:28:34'),(91,11,7,7219481,'Sit earum fugiat rerum voluptas. Id sunt est porro consectetur. Facilis ut sint est suscipit quia perspiciatis.\nOfficia sed sed sed. Eveniet molestiae aut voluptate itaque quia ipsa nostrum et.','2019-10-22 13:14:20','2020-04-28 15:24:52'),(92,12,8,37928,'Officiis laboriosam qui quo vel et. Molestiae aut molestiae expedita. Ut aperiam deserunt sequi tenetur. Voluptates esse omnis rerum est quidem aspernatur esse nemo.','2020-07-24 12:15:54','2020-05-23 15:02:42'),(93,13,9,22,'Cum nesciunt commodi deserunt facere dolor. Non voluptates sunt velit. Eaque occaecati maiores id.','2020-05-03 20:48:42','2019-12-18 04:08:35'),(94,14,10,32019346,'Repudiandae dolorem quo et quia. Asperiores odio voluptates ea eaque quos aliquid. Quia rem aut reiciendis odio et. Rerum ipsum debitis consequatur consequuntur beatae.','2020-02-10 16:17:56','2020-05-17 10:29:17'),(95,15,11,116860340,'Et facere omnis omnis voluptas quidem omnis. Voluptas explicabo debitis ullam et perferendis culpa. Aut et vel voluptatum ut sequi. Quia error consequatur a maxime tenetur soluta.','2020-05-28 00:35:05','2019-10-20 14:46:35'),(96,16,12,0,'Voluptas sit veniam velit deleniti rerum quas. Non unde natus qui. Commodi fuga iste provident rerum eaque blanditiis. Aut et iure quia voluptatibus voluptas nisi.','2020-05-15 15:21:15','2020-07-20 13:06:19'),(97,17,13,1546560,'Cupiditate et sed rerum non eos voluptatibus illum. Sed sed nobis aut neque et consectetur.','2020-06-02 05:30:19','2020-06-02 06:00:18'),(98,18,14,0,'Maxime autem similique sunt aut quis est. Saepe voluptas dolore et omnis eos unde et. Molestiae qui aliquam iure omnis accusamus adipisci. Doloribus maiores labore quasi voluptates sit reprehenderit.','2019-12-14 13:47:18','2019-12-26 20:26:02'),(99,19,1,64894,'In qui maxime impedit ea voluptas aspernatur. Sunt saepe perspiciatis tempore et.','2020-01-24 11:45:54','2019-10-18 01:40:07'),(100,20,2,108,'Sunt eos placeat ipsam commodi. Vero atque ipsa libero voluptatem placeat voluptatum nihil. Rerum sed et fugit aut quod.','2020-01-08 11:28:54','2019-10-30 05:31:04'),(101,1,3,338,'Corporis doloribus autem qui. Quia sed architecto iure odit. Nihil repellat maxime voluptate et molestias. Dolorem debitis iusto molestiae modi officia ipsam reprehenderit.','2020-09-06 17:49:12','2020-04-18 04:35:46'),(102,2,4,0,'Qui quo dolorem temporibus. Sit quod suscipit in quasi enim voluptas. Adipisci maxime quia corporis suscipit consequatur consequatur beatae modi.','2020-02-19 03:26:06','2020-02-06 00:19:58'),(103,3,5,122385017,'Omnis voluptatum quis necessitatibus natus quidem. Debitis optio assumenda tempore voluptatem. Quibusdam occaecati modi saepe ipsa minima voluptas.','2020-06-24 18:40:49','2020-08-20 07:49:52'),(104,4,6,49,'Sequi optio ut et eos omnis. Laudantium eum quibusdam voluptatem molestiae vel eum. Explicabo sint vero adipisci doloremque.','2020-01-06 20:59:42','2020-03-18 11:52:30'),(105,5,7,0,'Id necessitatibus iusto in. Pariatur repudiandae mollitia voluptas et unde. Praesentium quod voluptas magnam quia porro soluta. Laborum eius incidunt omnis nihil nostrum accusantium.','2020-01-01 05:04:22','2020-08-05 06:57:46'),(106,6,8,27,'Hic velit natus totam. Voluptates et qui ea laboriosam voluptas magnam. Ab quo earum ut itaque sit quo totam.','2019-11-25 16:42:57','2020-05-10 08:42:43'),(107,7,9,38,'Ratione voluptatem illum quia beatae quia. Sapiente alias nisi saepe. Velit ducimus reiciendis magnam et quo ut quidem. Delectus quidem qui sunt et maiores voluptatibus necessitatibus non.','2020-07-31 17:29:20','2020-07-10 10:59:42'),(108,8,10,92058580,'Veritatis debitis est dolor. Inventore illum unde nulla. Molestias et numquam distinctio.','2020-02-14 13:25:23','2019-11-30 02:53:18'),(109,9,11,584,'Modi possimus qui sit. Sequi optio omnis quod optio. Et et est id ut laudantium.','2020-01-26 15:20:52','2019-10-18 06:36:15'),(110,10,12,2,'Mollitia consequatur quisquam ut vel. Sed occaecati aut mollitia. Eum optio in molestiae amet qui ipsa. Placeat dolor numquam architecto voluptates qui.','2020-06-04 12:04:43','2020-07-02 20:44:08'),(111,11,13,3,'Ut eum reprehenderit molestiae libero. Quia aliquid est aliquam assumenda fugiat. Perferendis consequatur est harum sed iste. Autem id sed quo dicta unde laboriosam.','2019-12-26 15:50:08','2019-12-23 07:37:40'),(112,12,14,0,'Laboriosam adipisci iste est voluptate. Illo consequuntur hic doloremque sint voluptas et.','2019-10-11 11:17:26','2020-02-26 17:50:53'),(113,13,1,0,'Nemo nostrum itaque nostrum dolorum voluptatibus natus nam. Sint eligendi alias expedita sed. Aliquam rerum autem incidunt sint fugiat incidunt.','2020-09-09 01:19:59','2019-10-27 02:07:36'),(114,14,2,47979,'Dolorem saepe et omnis officia omnis qui laboriosam. Et dolores quia aut dolor ea rerum animi. Aut itaque magni non voluptatibus repellendus. Quae cupiditate cupiditate nihil.','2020-02-18 22:31:08','2020-01-09 17:35:17'),(115,15,3,252221734,'Pariatur eos cum ipsam incidunt. Voluptatem explicabo iure consequatur vel odio eos qui. Esse nobis amet itaque. Eum quasi mollitia eligendi velit voluptatem enim iure.','2020-05-17 19:11:42','2019-10-16 03:19:12'),(116,16,4,1656,'Possimus ut laborum sed in non et ducimus. Nihil omnis et voluptatem ut sit. Inventore ipsum magnam expedita quasi dolor.','2020-03-14 23:42:00','2020-01-11 17:11:00'),(117,17,5,5017,'Illo et eaque ea praesentium. Et dolores qui mollitia. Occaecati voluptatum autem iste eum possimus et.','2020-08-20 09:16:11','2020-03-07 22:17:17'),(118,18,6,556365968,'Nihil consequatur illum consequatur odit. At sint sint est nobis.','2020-01-28 14:20:29','2020-09-22 11:27:54'),(119,19,7,483404,'Qui dolorum aperiam minima animi ex ipsum suscipit. Ipsam sed cumque non sunt voluptas. Tempore maiores sit asperiores culpa laudantium in.','2020-05-17 17:39:12','2020-05-04 02:52:39'),(120,20,8,1,'Illum sapiente ut mollitia quia. Et doloremque ipsam sed impedit expedita aliquid. Aperiam hic dolores voluptatibus alias blanditiis natus occaecati nam.','2020-09-06 02:46:03','2019-12-13 10:46:13'),(121,1,9,1223805,'Sit necessitatibus saepe ipsa enim. Dolorum esse consectetur vel vel quod et. Fugiat voluptas fugiat qui laboriosam sequi quo iste.','2020-04-23 21:36:09','2020-06-30 06:23:38'),(122,2,10,33,'Asperiores dolorem temporibus beatae in voluptatem. Dicta autem in itaque rerum et ex suscipit. Aut unde qui soluta pariatur a omnis voluptatem.','2020-08-09 18:49:42','2020-01-01 23:15:39'),(123,3,11,390007,'Enim blanditiis aut tempora et. Sed sit occaecati in est facere numquam sint sed. Dolorem quidem cupiditate illo perferendis rem maxime. Minus nostrum et sequi.','2020-08-12 03:36:09','2019-10-25 10:59:29'),(124,4,12,254643,'Repudiandae fugiat iure voluptate vel molestiae. Velit rerum quasi quo modi enim assumenda quae. Natus sed et quo assumenda ex enim non.','2020-06-30 10:25:36','2020-07-27 02:45:37'),(125,5,13,3780051,'Ut impedit earum reiciendis vero. Consequatur qui saepe animi reiciendis. Ab similique at id incidunt facilis ab omnis. Ullam corporis consequatur iure et.','2020-03-31 23:19:10','2020-09-07 17:47:33'),(126,6,14,37874,'Eos dolorem modi dignissimos officiis aliquam impedit. Voluptatum porro rerum deserunt accusantium incidunt consequuntur. Incidunt harum rerum consequuntur et est.','2020-08-19 08:35:02','2020-06-13 15:09:49'),(127,7,1,156566,'Veritatis similique tenetur suscipit quisquam fugiat odio. Molestiae sint ipsam quibusdam qui repudiandae.','2020-02-16 20:00:45','2019-11-13 10:47:49'),(128,8,2,6111491,'Et numquam vel nam magni et. Quod et eos quis. Ipsum architecto quasi ea necessitatibus consequatur. Ullam excepturi error et et.','2019-11-25 05:49:32','2020-01-27 06:08:35'),(129,9,3,6816,'Harum et esse vero consequatur. Tempora esse ut nobis atque. Modi deserunt rerum voluptas autem id.','2020-07-29 00:18:48','2020-02-23 15:21:37'),(130,10,4,460825,'Et porro quasi magnam velit dolor eum. Possimus voluptatem ullam qui sunt. Omnis sint voluptatem consequatur qui. Dolorem aliquam non soluta eligendi et qui mollitia.','2019-12-30 11:13:18','2020-03-28 00:41:18'),(131,11,5,21,'Amet non quisquam cum eos expedita ipsam dolor. Nihil voluptatem eligendi est facilis et id.','2019-12-12 16:51:31','2020-02-26 03:05:05'),(132,12,6,3510,'Quis omnis delectus dolor aut occaecati. Mollitia aut dolor tempore dolorum aut omnis eum. Repudiandae minima nihil ratione. Ut velit aut et quod quisquam.','2020-04-30 08:20:44','2019-11-13 12:12:11'),(133,13,7,16,'Et voluptas praesentium adipisci dicta ipsum odit. Quae sit doloremque iusto eos dignissimos facilis. Rem illo quis eos consequatur ea perspiciatis molestiae. Voluptatem adipisci nobis quo non.','2020-05-08 11:57:51','2019-12-14 11:41:28'),(134,14,8,4926272,'Recusandae ipsa voluptatibus et doloremque. Voluptas modi aliquid quia in animi. Et unde eveniet consequatur in harum.','2020-06-20 21:42:58','2020-10-06 03:44:52'),(135,15,9,6171267,'Nemo dolore consequatur vitae similique quia consectetur. Cumque molestiae quis nisi maiores et vero. Aut rerum ut quidem non animi similique.','2019-12-15 19:14:08','2020-01-26 09:02:49'),(136,16,10,5,'Qui ut corporis ea accusantium dolorum doloribus. Quod nihil exercitationem non aut. Quia maxime ducimus placeat ea. Odio dolores qui tempore alias commodi.','2020-06-11 16:03:49','2020-03-15 15:19:30'),(137,17,11,6826154,'Quia distinctio eaque veniam. Eum aspernatur adipisci quas ut rerum. Voluptas similique suscipit ex.','2019-10-16 12:38:11','2020-05-21 23:10:02'),(138,18,12,269881669,'Voluptatem id et ut non quos id omnis nisi. Aliquid veritatis accusantium illum voluptas. Sint illum dignissimos hic occaecati quas. Quos fuga ex quisquam fuga illum vitae est amet.','2020-06-20 04:21:44','2019-10-29 14:07:30'),(139,19,13,45420,'Accusamus dolores at nisi sint. Dolorem architecto modi sunt voluptas quod aut ab. Dolores repellat at voluptatem eos laudantium. Repellendus aut enim id totam.','2020-08-10 20:30:02','2019-10-18 15:56:03'),(140,20,14,121,'Aut et explicabo consequuntur adipisci perspiciatis vitae id quo. Officia at asperiores velit sed ex officia.','2019-12-31 12:59:39','2019-11-20 13:50:40'),(141,1,1,626,'Voluptatibus quia consectetur non quo non. Sapiente qui deserunt vero officia eaque. Et rem corporis id mollitia ut impedit neque.','2020-06-13 13:40:28','2020-02-18 16:17:00'),(142,2,2,268197891,'Illo qui quos unde id officia minima. Modi laborum suscipit provident dignissimos accusantium voluptas. Assumenda magni nulla modi expedita nobis.','2020-06-20 23:05:38','2020-09-10 06:14:03'),(143,3,3,155518,'Ut ut praesentium dolor. Odit consequatur est omnis optio rem excepturi. Dolore saepe ad necessitatibus sit ratione quia. Dicta mollitia voluptates ut et.','2019-10-21 10:40:16','2019-11-06 01:25:58'),(144,4,4,0,'Quo aliquam vitae qui. Nihil inventore aut facere voluptatem explicabo ab. Omnis minus repudiandae facere consectetur.','2020-06-18 13:50:11','2020-01-03 08:20:38'),(145,5,5,69992634,'Blanditiis non a aut ratione eveniet doloribus facilis. Est voluptas nobis rerum neque qui est quod. Assumenda eos enim enim numquam ea. Dicta natus quaerat tempora.','2020-05-27 17:37:00','2020-04-07 19:36:38'),(146,6,6,2,'Provident nam velit sint sed. Quod est et aliquid amet. Ut ut doloremque ea beatae. Nemo quis ut vero.','2020-08-22 08:26:17','2019-10-18 10:51:08'),(147,7,7,3936,'In minus molestias placeat quis. Sed quos libero quam facilis distinctio illo. Beatae enim deserunt enim fuga. Quis earum velit possimus ad facilis voluptates et.','2020-09-05 18:24:14','2020-05-15 06:09:04'),(148,8,8,37518,'Atque nihil asperiores cumque dolor sed nemo ut. Sunt est quod animi iure provident esse et. Quaerat eius quasi vero sint natus. Eos rerum quia dicta exercitationem adipisci incidunt rerum aliquid.','2020-05-07 17:55:46','2019-12-15 10:24:48'),(149,9,9,617,'Laboriosam officiis ratione voluptate sequi non. Similique libero omnis ullam hic illo. Eum et qui harum ullam sequi tenetur.','2020-01-12 02:34:50','2020-09-18 11:36:25'),(150,10,10,0,'Non quisquam eos suscipit sapiente maxime. Eius modi et enim quas omnis est. Necessitatibus dignissimos nemo dolorem. Labore voluptas totam similique placeat maiores itaque.','2020-04-05 14:29:02','2019-10-28 09:24:47');
/*!40000 ALTER TABLE `orders` ENABLE KEYS */;
UNLOCK TABLES;

--
-- Temporary view structure for view `orders_cost_last_month`
--

DROP TABLE IF EXISTS `orders_cost_last_month`;
/*!50001 DROP VIEW IF EXISTS `orders_cost_last_month`*/;
SET @saved_cs_client     = @@character_set_client;
/*!50503 SET character_set_client = utf8mb4 */;
/*!50001 CREATE VIEW `orders_cost_last_month` AS SELECT 
 1 AS `SUM(cost)`*/;
SET character_set_client = @saved_cs_client;

--
-- Table structure for table `payment_methods`
--

DROP TABLE IF EXISTS `payment_methods`;
/*!40101 SET @saved_cs_client     = @@character_set_client */;
/*!50503 SET character_set_client = utf8mb4 */;
CREATE TABLE `payment_methods` (
  `id` int unsigned NOT NULL,
  `name` varchar(50) CHARACTER SET utf8 COLLATE utf8_unicode_ci DEFAULT NULL COMMENT 'Способ оплаты',
  PRIMARY KEY (`id`)
) ENGINE=InnoDB DEFAULT CHARSET=utf8 COLLATE=utf8_unicode_ci COMMENT='Способы оплаты';
/*!40101 SET character_set_client = @saved_cs_client */;

--
-- Dumping data for table `payment_methods`
--

LOCK TABLES `payment_methods` WRITE;
/*!40000 ALTER TABLE `payment_methods` DISABLE KEYS */;
INSERT INTO `payment_methods` VALUES (1,'credit card'),(2,'bank transfer'),(3,'e-wallet'),(4,'cash'),(5,'cryptocurrencies'),(6,'direct carrier payment');
/*!40000 ALTER TABLE `payment_methods` ENABLE KEYS */;
UNLOCK TABLES;

--
-- Table structure for table `payments`
--

DROP TABLE IF EXISTS `payments`;
/*!40101 SET @saved_cs_client     = @@character_set_client */;
/*!50503 SET character_set_client = utf8mb4 */;
CREATE TABLE `payments` (
  `id` bigint unsigned NOT NULL AUTO_INCREMENT,
  `invoice_id` int unsigned DEFAULT NULL,
  `payment_date` date DEFAULT NULL COMMENT 'Дата платежа',
  `amount` bigint unsigned DEFAULT NULL,
  `created_at` datetime DEFAULT CURRENT_TIMESTAMP,
  `updated_at` datetime DEFAULT CURRENT_TIMESTAMP ON UPDATE CURRENT_TIMESTAMP,
  PRIMARY KEY (`id`),
  KEY `payments_invoice_id_fk` (`invoice_id`),
  CONSTRAINT `payments_invoice_id_fk` FOREIGN KEY (`invoice_id`) REFERENCES `invoices` (`id`) ON DELETE CASCADE
) ENGINE=InnoDB AUTO_INCREMENT=151 DEFAULT CHARSET=utf8 COLLATE=utf8_unicode_ci COMMENT='Платежи';
/*!40101 SET character_set_client = @saved_cs_client */;

--
-- Dumping data for table `payments`
--

LOCK TABLES `payments` WRITE;
/*!40000 ALTER TABLE `payments` DISABLE KEYS */;
INSERT INTO `payments` VALUES (1,1,'2020-02-07',8688,'2020-01-28 14:52:04','2020-10-11 22:59:54'),(2,2,'2019-11-25',9965,'2020-04-01 22:14:58','2020-10-11 22:59:54'),(3,3,'2020-04-21',13832,'2020-07-13 23:19:01','2020-10-11 22:59:55'),(4,4,'2020-06-20',4837,'2020-05-04 09:43:31','2020-10-11 22:59:55'),(5,5,'2020-09-23',3069,'2019-10-19 23:01:50','2020-10-11 22:59:55'),(6,6,'2020-01-08',6397509,'2019-11-06 18:30:04','2020-10-11 22:59:55'),(7,7,'2020-06-16',261279890,'2019-12-03 18:05:44','2020-10-11 22:59:55'),(8,8,'2020-03-03',59624,'2020-08-31 05:26:39','2020-10-11 22:59:55'),(9,9,'2019-11-22',9969,'2020-05-14 22:40:02','2020-10-11 22:59:55'),(10,10,'2020-03-18',191323,'2020-06-17 23:03:51','2020-10-11 22:59:56'),(11,11,'2020-07-20',248220,'2019-11-06 04:07:31','2020-10-11 22:59:56'),(12,12,'2019-12-03',2509,'2020-05-25 15:03:14','2020-10-11 22:59:56'),(13,13,'2020-07-15',1158,'2020-10-05 17:04:59','2020-10-11 22:59:56'),(14,14,'2020-10-08',9637,'2020-01-04 06:18:43','2020-10-11 22:59:56'),(15,15,'2020-09-20',4754,'2019-12-14 11:57:33','2020-10-11 22:59:56'),(16,16,'2019-11-29',4346,'2020-04-05 05:19:27','2020-10-11 22:59:56'),(17,17,'2020-08-07',9604,'2019-12-12 03:59:04','2020-10-11 22:59:57'),(18,18,'2020-04-25',21199,'2020-04-15 02:32:24','2020-10-11 22:59:57'),(19,19,'2020-09-10',20601,'2020-06-23 00:21:12','2020-10-11 22:59:57'),(20,20,'2019-12-27',5314,'2020-01-18 06:47:57','2020-10-11 22:59:57'),(21,21,'2020-06-02',4995,'2020-03-09 14:51:36','2020-10-11 22:59:57'),(22,22,'2020-08-27',1023,'2020-07-02 00:07:38','2020-10-11 22:59:57'),(23,23,'2020-08-08',9668,'2020-09-15 00:30:58','2020-10-11 22:59:57'),(24,24,'2020-02-09',41684,'2020-01-12 22:10:08','2020-10-11 22:59:58'),(25,25,'2020-01-29',10399,'2020-04-30 14:19:18','2020-10-11 22:59:58'),(26,26,'2019-10-23',53302,'2020-08-25 08:01:12','2020-10-11 22:59:58'),(27,27,'2020-06-29',418361,'2020-09-22 01:39:49','2020-10-11 22:59:58'),(28,28,'2020-04-24',10210,'2020-02-10 20:33:50','2020-10-11 22:59:58'),(29,29,'2020-09-13',8398,'2019-10-25 09:24:05','2020-10-11 22:59:58'),(30,30,'2020-04-12',5386,'2019-12-21 21:55:03','2020-10-11 22:59:58'),(31,31,'2019-10-15',834025917,'2020-06-24 15:36:48','2020-10-11 22:59:59'),(32,32,'2020-08-16',3212,'2020-07-20 19:55:35','2020-10-11 22:59:59'),(33,33,'2020-10-04',5112,'2019-11-10 05:04:57','2020-10-11 22:59:59'),(34,34,'2019-12-23',6731785,'2020-04-12 23:35:23','2020-10-11 22:59:59'),(35,35,'2020-09-03',31656,'2020-05-15 05:48:03','2020-10-11 22:59:59'),(36,36,'2019-10-22',2962,'2020-08-20 15:13:43','2020-10-11 22:59:59'),(37,37,'2019-11-10',3787349,'2020-10-02 15:50:21','2020-10-11 22:59:59'),(38,38,'2020-03-15',9735,'2019-12-29 10:33:22','2020-10-11 23:00:00'),(39,39,'2020-05-28',18114,'2020-05-21 19:10:29','2020-10-11 23:00:00'),(40,40,'2019-12-19',7950,'2019-11-07 18:03:26','2020-10-11 23:00:00'),(41,41,'2020-02-04',3518,'2019-10-31 03:17:40','2020-10-11 23:00:00'),(42,42,'2020-09-27',301744,'2020-05-05 12:00:16','2020-10-11 23:00:00'),(43,43,'2019-10-16',1519906,'2020-04-30 04:43:14','2020-10-11 23:00:00'),(44,44,'2020-08-13',92630,'2020-10-08 19:06:59','2020-10-11 23:00:00'),(45,45,'2020-08-03',624501556,'2019-12-09 15:41:41','2020-10-11 23:00:01'),(46,46,'2020-08-13',5835,'2019-12-17 11:04:47','2020-10-11 23:00:01'),(47,47,'2019-11-17',590774457,'2019-11-09 13:39:39','2020-10-11 23:00:01'),(48,48,'2020-10-01',199685828,'2020-08-28 18:19:08','2020-10-11 23:00:01'),(49,49,'2020-09-24',9073,'2020-06-29 19:34:07','2020-10-11 23:00:01'),(50,50,'2020-06-27',12759,'2019-12-02 14:53:27','2020-10-11 23:00:01'),(51,51,'2020-02-11',5629,'2020-03-08 12:26:16','2020-10-11 23:00:01'),(52,52,'2020-02-10',1336,'2020-09-16 17:32:41','2020-10-11 23:00:01'),(53,53,'2019-12-19',31290518,'2020-03-22 08:27:03','2020-10-11 23:00:02'),(54,54,'2020-03-08',1996,'2020-07-15 22:01:57','2020-10-11 23:00:02'),(55,55,'2020-05-15',9511,'2019-10-20 08:02:07','2020-10-11 23:00:02'),(56,56,'2019-11-21',8652,'2020-04-13 10:38:31','2020-10-11 23:00:02'),(57,57,'2019-11-04',3462,'2020-04-21 15:11:08','2020-10-11 23:00:02'),(58,58,'2020-07-02',141361603,'2020-09-01 04:28:18','2020-10-11 23:00:02'),(59,59,'2019-12-21',55160,'2020-08-27 14:26:39','2020-10-11 23:00:02'),(60,60,'2020-07-05',7269,'2019-12-31 03:22:23','2020-10-11 23:00:02'),(61,61,'2020-07-01',4954,'2020-06-19 22:35:11','2020-10-11 23:00:03'),(62,62,'2020-02-12',6819,'2020-01-18 00:47:11','2020-10-11 23:00:03'),(63,63,'2020-03-22',26098,'2019-12-30 09:57:46','2020-10-11 23:00:03'),(64,64,'2020-07-30',41358,'2019-10-27 16:44:08','2020-10-11 23:00:03'),(65,65,'2020-05-07',8871,'2020-01-05 09:28:29','2020-10-11 23:00:03'),(66,66,'2020-02-18',111441,'2020-05-19 05:59:36','2020-10-11 23:00:03'),(67,67,'2020-03-04',65026307,'2020-03-14 12:21:24','2020-10-11 23:00:03'),(68,68,'2020-09-20',306231,'2020-06-16 19:07:37','2020-10-11 23:00:03'),(69,69,'2020-08-09',4144,'2020-06-05 22:24:13','2020-10-11 23:00:03'),(70,70,'2020-03-17',412734,'2020-05-30 19:58:16','2020-10-11 23:00:04'),(71,71,'2019-10-19',81228,'2020-07-12 09:38:18','2020-10-11 23:00:04'),(72,72,'2020-02-15',1568,'2020-05-16 13:20:26','2020-10-11 23:00:04'),(73,73,'2020-09-28',7461,'2019-12-26 01:33:54','2020-10-11 23:00:04'),(74,74,'2019-11-15',8829,'2020-03-24 11:57:18','2020-10-11 23:00:04'),(75,75,'2020-03-01',2865,'2020-06-13 07:55:39','2020-10-11 23:00:04'),(76,76,'2019-11-22',3361666,'2020-09-09 15:18:47','2020-10-11 23:00:04'),(77,77,'2020-07-03',330357,'2020-02-19 17:57:53','2020-10-11 23:00:05'),(78,78,'2020-03-19',720781377,'2020-01-01 02:49:58','2020-10-11 23:00:05'),(79,79,'2020-01-27',22688308,'2020-04-11 11:46:50','2020-10-11 23:00:05'),(80,80,'2020-04-20',2774,'2019-11-05 07:39:24','2020-10-11 23:00:05'),(81,81,'2020-07-25',19699,'2020-10-02 20:39:24','2020-10-11 23:00:05'),(82,82,'2019-11-09',2057,'2019-11-19 22:13:55','2020-10-11 23:00:05'),(83,83,'2020-09-16',6176,'2019-12-23 13:27:26','2020-10-11 23:00:05'),(84,84,'2020-08-27',24879,'2020-03-02 17:59:23','2020-10-11 23:00:06'),(85,85,'2020-08-16',4063,'2019-12-31 14:25:01','2020-10-11 23:00:06'),(86,86,'2020-01-14',9033,'2020-03-30 22:27:16','2020-10-11 23:00:06'),(87,87,'2019-12-13',6165,'2020-09-12 12:12:19','2020-10-11 23:00:06'),(88,88,'2020-03-04',9971,'2020-03-08 23:51:49','2020-10-11 23:00:06'),(89,89,'2020-04-21',21628,'2020-08-12 19:26:59','2020-10-11 23:00:06'),(90,90,'2019-12-29',309446256,'2020-06-22 16:14:10','2020-10-11 23:00:06'),(91,91,'2020-07-10',7032,'2019-10-27 19:22:23','2020-10-11 23:00:06'),(92,92,'2020-05-02',2501,'2020-07-20 13:49:22','2020-10-11 23:00:06'),(93,93,'2020-07-28',201432306,'2020-05-27 19:53:39','2020-10-11 23:00:07'),(94,94,'2020-04-18',169675,'2020-05-25 20:41:05','2020-10-11 23:00:07'),(95,95,'2019-11-22',6793,'2020-05-24 00:51:16','2020-10-11 23:00:07'),(96,96,'2020-06-02',9924,'2019-11-14 07:24:45','2020-10-11 23:00:07'),(97,97,'2020-09-05',9284,'2020-07-06 16:21:47','2020-10-11 23:00:08'),(98,98,'2020-04-17',5546,'2020-04-24 07:12:35','2020-10-11 23:00:08'),(99,99,'2019-11-24',230850,'2020-06-18 05:21:51','2020-10-11 23:00:08'),(100,100,'2020-04-04',4218,'2019-11-01 10:25:30','2020-10-11 23:00:08'),(101,101,'2020-03-27',5902,'2019-11-19 21:39:11','2020-10-11 23:00:08'),(102,102,'2020-01-27',7835,'2020-03-27 23:45:52','2020-10-11 23:00:08'),(103,103,'2019-10-19',9732,'2020-01-13 07:53:00','2020-10-11 23:00:08'),(104,104,'2020-05-08',8391,'2020-09-16 15:10:11','2020-10-11 23:00:09'),(105,105,'2019-11-17',2209,'2020-09-04 18:35:58','2020-10-11 23:00:09'),(106,106,'2020-03-04',1520,'2020-02-15 09:39:50','2020-10-11 23:00:09'),(107,107,'2020-06-06',40536692,'2019-10-29 07:55:19','2020-10-11 23:00:09'),(108,108,'2020-04-08',3206,'2020-07-21 05:20:07','2020-10-11 23:00:09'),(109,109,'2019-12-23',3465,'2020-09-04 08:51:46','2020-10-11 23:00:09'),(110,110,'2020-01-06',7536,'2020-10-07 04:44:37','2020-10-11 23:00:09'),(111,111,'2020-03-09',109617,'2020-03-28 22:17:32','2020-10-11 23:00:09'),(112,112,'2020-01-30',3622,'2020-08-27 04:44:14','2020-10-11 23:00:09'),(113,113,'2020-05-05',7802,'2020-02-21 08:18:44','2020-10-11 23:00:10'),(114,114,'2020-05-10',11457162,'2020-07-30 17:26:29','2020-10-11 23:00:10'),(115,115,'2020-10-01',195,'2019-10-24 10:24:55','2020-10-11 23:00:10'),(116,116,'2019-12-09',2614,'2020-04-08 13:53:10','2020-10-11 23:00:10'),(117,117,'2020-04-21',2100446,'2020-05-17 01:15:53','2020-10-11 23:00:10'),(118,118,'2020-01-09',7812,'2020-08-17 02:32:20','2020-10-11 23:00:10'),(119,119,'2020-02-12',15724935,'2019-11-10 17:54:02','2020-10-11 23:00:10'),(120,120,'2020-04-19',8276,'2020-07-27 08:16:24','2020-10-11 23:00:10'),(121,121,'2020-08-31',7755,'2020-01-07 11:26:57','2020-10-11 23:00:10'),(122,122,'2020-06-06',46369907,'2020-01-31 10:37:37','2020-10-11 23:00:11'),(123,123,'2020-01-08',331020,'2020-08-05 10:32:31','2020-10-11 23:00:11'),(124,124,'2020-05-27',6579,'2020-03-03 08:26:44','2020-10-11 23:00:11'),(125,125,'2020-08-24',33675,'2020-04-18 02:42:08','2020-10-11 23:00:11'),(126,126,'2020-09-13',24087,'2019-12-22 23:10:42','2020-10-11 23:00:11'),(127,127,'2020-07-17',9764,'2020-05-03 07:17:01','2020-10-11 23:00:11'),(128,128,'2020-03-04',2060,'2020-04-08 09:44:54','2020-10-11 23:00:12'),(129,129,'2020-07-27',6971,'2019-10-31 01:51:30','2020-10-11 23:00:12'),(130,130,'2020-06-10',315936,'2020-04-09 17:31:54','2020-10-11 23:00:12'),(131,131,'2020-07-21',8437,'2020-07-27 14:43:50','2020-10-11 23:00:12'),(132,132,'2020-08-19',4301,'2020-09-21 10:14:57','2020-10-11 23:00:12'),(133,133,'2020-04-05',40411382,'2019-12-01 21:22:32','2020-10-11 23:00:12'),(134,134,'2019-10-13',5928,'2020-06-13 22:46:13','2020-10-11 23:00:12'),(135,135,'2020-03-30',3605703,'2019-10-18 03:02:07','2020-10-11 23:00:12'),(136,136,'2020-03-02',4181,'2020-07-10 19:46:01','2020-10-11 23:00:12'),(137,137,'2020-03-04',227,'2020-07-09 16:12:39','2020-10-11 23:00:13'),(138,138,'2019-12-17',53882464,'2020-09-18 15:05:57','2020-10-11 23:00:13'),(139,139,'2020-08-18',1551867,'2020-07-16 03:52:11','2020-10-11 23:00:13'),(140,140,'2020-03-11',37190,'2020-07-26 17:29:23','2020-10-11 23:00:13'),(141,141,'2020-04-10',16984677,'2019-12-27 18:44:09','2020-10-11 23:00:13'),(142,142,'2020-08-30',9996,'2020-09-04 11:04:37','2020-10-11 23:00:13'),(143,143,'2020-09-10',9127,'2020-03-01 15:54:54','2020-10-11 23:00:13'),(144,144,'2019-10-28',5127,'2020-08-30 14:22:30','2020-10-11 23:00:14'),(145,145,'2020-01-17',9060,'2020-08-06 11:31:55','2020-10-11 23:00:14'),(146,146,'2020-04-10',845284,'2020-07-21 14:50:11','2020-10-11 23:00:14'),(147,147,'2020-04-16',290077,'2020-06-20 04:01:50','2020-10-11 23:00:14'),(148,148,'2020-09-06',4847,'2020-07-13 02:07:11','2020-10-11 23:00:14'),(149,149,'2019-12-12',2532517,'2020-01-06 01:29:34','2020-10-11 23:00:14'),(150,150,'2020-02-09',8802,'2019-11-04 02:09:44','2020-10-11 23:00:14');
/*!40000 ALTER TABLE `payments` ENABLE KEYS */;
UNLOCK TABLES;
/*!50003 SET @saved_cs_client      = @@character_set_client */ ;
/*!50003 SET @saved_cs_results     = @@character_set_results */ ;
/*!50003 SET @saved_col_connection = @@collation_connection */ ;
/*!50003 SET character_set_client  = utf8mb4 */ ;
/*!50003 SET character_set_results = utf8mb4 */ ;
/*!50003 SET collation_connection  = utf8mb4_0900_ai_ci */ ;
/*!50003 SET @saved_sql_mode       = @@sql_mode */ ;
/*!50003 SET sql_mode              = 'ONLY_FULL_GROUP_BY,STRICT_TRANS_TABLES,NO_ZERO_IN_DATE,NO_ZERO_DATE,ERROR_FOR_DIVISION_BY_ZERO,NO_ENGINE_SUBSTITUTION' */ ;
DELIMITER ;;
/*!50003 CREATE*/ /*!50017 DEFINER=`root`@`localhost`*/ /*!50003 TRIGGER `log_insert_payments` AFTER INSERT ON `payments` FOR EACH ROW BEGIN
	INSERT INTO logs (table_name, record_id, record_target)
	VALUES ('payments', NEW.id, NEW.amount);
END */;;
DELIMITER ;
/*!50003 SET sql_mode              = @saved_sql_mode */ ;
/*!50003 SET character_set_client  = @saved_cs_client */ ;
/*!50003 SET character_set_results = @saved_cs_results */ ;
/*!50003 SET collation_connection  = @saved_col_connection */ ;
/*!50003 SET @saved_cs_client      = @@character_set_client */ ;
/*!50003 SET @saved_cs_results     = @@character_set_results */ ;
/*!50003 SET @saved_col_connection = @@collation_connection */ ;
/*!50003 SET character_set_client  = utf8mb4 */ ;
/*!50003 SET character_set_results = utf8mb4 */ ;
/*!50003 SET collation_connection  = utf8mb4_0900_ai_ci */ ;
/*!50003 SET @saved_sql_mode       = @@sql_mode */ ;
/*!50003 SET sql_mode              = 'ONLY_FULL_GROUP_BY,STRICT_TRANS_TABLES,NO_ZERO_IN_DATE,NO_ZERO_DATE,ERROR_FOR_DIVISION_BY_ZERO,NO_ENGINE_SUBSTITUTION' */ ;
DELIMITER ;;
/*!50003 CREATE*/ /*!50017 DEFINER=`root`@`localhost`*/ /*!50003 TRIGGER `log_update_payments` AFTER UPDATE ON `payments` FOR EACH ROW BEGIN
	INSERT INTO logs (table_name, record_id, record_target)
	VALUES ('payments', NEW.id, NEW.amount);
END */;;
DELIMITER ;
/*!50003 SET sql_mode              = @saved_sql_mode */ ;
/*!50003 SET character_set_client  = @saved_cs_client */ ;
/*!50003 SET character_set_results = @saved_cs_results */ ;
/*!50003 SET collation_connection  = @saved_col_connection */ ;

--
-- Table structure for table `product_descriptions`
--

DROP TABLE IF EXISTS `product_descriptions`;
/*!40101 SET @saved_cs_client     = @@character_set_client */;
/*!50503 SET character_set_client = utf8mb4 */;
CREATE TABLE `product_descriptions` (
  `id` int unsigned NOT NULL,
  `name` text CHARACTER SET utf8 COLLATE utf8_unicode_ci COMMENT 'Описание товара',
  PRIMARY KEY (`id`)
) ENGINE=InnoDB DEFAULT CHARSET=utf8 COLLATE=utf8_unicode_ci COMMENT='Описания товаров';
/*!40101 SET character_set_client = @saved_cs_client */;

--
-- Dumping data for table `product_descriptions`
--

LOCK TABLES `product_descriptions` WRITE;
/*!40000 ALTER TABLE `product_descriptions` DISABLE KEYS */;
INSERT INTO `product_descriptions` VALUES (1,'Tempora recusandae quisquam sit sed. Rem repellat ut quia magni. Minus rerum reiciendis accusantium quia.'),(2,'Est ipsam soluta earum eum facere repellat doloribus. Ut est occaecati et facilis autem commodi. Culpa repellat fugiat totam ut.'),(3,'Itaque non molestias qui suscipit et. Aut sint non est et vitae sunt. Tempore animi ullam cum laudantium vero tempora cumque. Vero sed est asperiores minima reprehenderit.'),(4,'Dolor quis quis eaque quasi labore. Qui recusandae velit aliquid et. Et deleniti ea impedit placeat aliquid alias.'),(5,'Quibusdam odit veritatis natus quia sit ut. Officia perferendis molestias tempora quia. Rerum ullam repudiandae perferendis vel facilis eveniet itaque nobis.'),(6,'Sed aliquam aperiam dignissimos ut soluta molestiae eos modi. Pariatur molestias autem tenetur dolores ipsam. Inventore eaque earum eaque et tempora.'),(7,'Explicabo ut voluptatibus modi maxime velit. Doloremque et eveniet ut numquam non fugit.'),(8,'Neque vero eum alias aliquam voluptatem. Veniam ut eum debitis doloribus deserunt. Qui asperiores eveniet sit molestiae. Numquam perspiciatis accusamus voluptatem exercitationem quam in esse.'),(9,'Distinctio et doloribus accusantium harum. Deleniti reprehenderit eveniet dicta recusandae ullam laudantium.'),(10,'Et harum suscipit blanditiis dolores quo sed. Voluptas et voluptatem eveniet ipsa et cupiditate veritatis. Vel possimus ipsa sunt in repellat.'),(11,'Est nihil unde temporibus reiciendis itaque neque. Et nulla recusandae dicta tempore maiores dolores laborum.'),(12,'Quisquam corporis qui maxime unde eos quos quisquam. Corrupti eum est dolor mollitia aut et. Sequi tempore maiores optio dolores amet. Voluptate quia sint qui explicabo nihil.'),(13,'Perspiciatis architecto et et saepe perferendis quidem sunt. Error fuga nam qui deserunt mollitia omnis saepe. Dolores sequi iste dolorum cum.'),(14,'Id cumque perferendis voluptas qui. Non consequatur mollitia ipsam praesentium aut consequuntur non. Velit enim distinctio consequatur sequi esse sequi itaque.'),(15,'Totam et aut labore ad error ut. Magnam quaerat unde voluptatem velit. Quam tempora ut et est. Perspiciatis repellendus error sequi praesentium alias suscipit.'),(16,'Molestiae et rerum id. Ea voluptatum veniam et alias. Beatae voluptate id sunt ex et ad repellat perspiciatis.\nBeatae natus illum dolores assumenda. Voluptatem qui commodi tempora omnis.'),(17,'Ipsam possimus voluptas eum sapiente esse aliquam fugit. Sit praesentium culpa commodi sequi id recusandae ut. Eum sed ut perspiciatis.'),(18,'Qui fugiat ea vitae hic dolor. Nihil voluptatem eum officiis. Qui cupiditate labore sed maiores quia. Quas occaecati quos quia eum cumque.'),(19,'Incidunt occaecati in voluptates quia recusandae magnam aspernatur ea. Harum quos repellat eius quo optio. Autem et ducimus nostrum nobis.'),(20,'Et laudantium ab in. Libero minima sit quos voluptatem doloremque mollitia aut. Vel eius assumenda autem nostrum expedita aut odit eaque.'),(21,'Ut ducimus labore eligendi necessitatibus ut ut asperiores qui. Omnis eveniet deleniti excepturi minus eos architecto libero.'),(22,'Ipsa quo quos porro officia reiciendis ut. Quia voluptates et laudantium vel assumenda.'),(23,'Aut perferendis ducimus debitis pariatur labore. Similique consequatur tempora aperiam non tenetur. Nihil quis quos quis et consequatur deleniti. Enim velit cum minima blanditiis aliquid.'),(24,'Voluptas molestiae explicabo quibusdam aut sapiente omnis. Voluptate eius velit sint cupiditate vel. Rerum earum voluptate est aut. Qui doloribus qui hic. Qui nihil odio est quidem ab.'),(25,'Sed et incidunt et in velit. Quas dolorum quis unde omnis quibusdam.'),(26,'Dignissimos sequi deserunt inventore maiores inventore maxime dolore. Similique quasi reprehenderit porro quo voluptate dolorem ullam. Saepe cumque libero aspernatur explicabo impedit enim in quis.'),(27,'Dolorem non qui vero voluptates magni. Molestias eaque culpa ut. Asperiores ab impedit cum qui. Quis doloremque nam non occaecati quos voluptate.'),(28,'Ut qui consequatur laborum ad vel tempore accusamus. Ut voluptatibus labore omnis. Et aut sunt et.'),(29,'Quasi amet quidem repellendus quia vitae. Porro nihil aut rerum temporibus. Ipsum maiores et laudantium dolores officia labore. Accusamus voluptas ratione alias modi qui vel quia.'),(30,'Et nulla sed temporibus itaque qui at. Veritatis et rem enim nihil quia. Enim ut enim repudiandae atque.'),(31,'Eum et in id sint rerum qui dicta. Itaque et omnis veniam qui aliquam harum a. Sed ut vitae et eos ipsum facere consectetur.'),(32,'Sed velit non laboriosam ex. Recusandae id illum eum aut adipisci ea rem laborum. Doloremque quo laboriosam sit quia a doloremque ut.'),(33,'Accusantium aut rem consequatur molestiae libero dolore et. Aliquam esse occaecati et praesentium omnis nulla. Magnam culpa voluptatum repellat quae et vero et.'),(34,'Hic consequatur molestiae consequuntur placeat. A et officiis velit culpa. Eveniet et sed non. Veniam facere ut repellendus minus vel nihil occaecati.'),(35,'Id saepe ipsum consequatur quae. Omnis quis quo quasi dolor. Est quo voluptatem magnam est est et velit aut. Iste nemo et atque ut.'),(36,'Ratione esse enim sit dolorem. Est molestias perspiciatis voluptatem quas autem et a. Autem saepe dolorum ut commodi ratione quasi.'),(37,'Sint neque maxime excepturi nam dolores fuga ex. Molestiae voluptas rerum laudantium doloribus. Fuga a est et. Qui quia enim sequi cupiditate.'),(38,'Sed hic reiciendis et. Quis porro fugiat quos delectus. Vel dolorem ut sunt blanditiis. Temporibus non dolore dolorem culpa quia.'),(39,'Optio nihil nemo commodi dolores vel omnis voluptas voluptatem. Magni nihil corrupti aut ut explicabo. Voluptatem magnam expedita quia autem quia aut enim ut. Delectus aut iure non.'),(40,'Sit aliquam animi qui. Facilis repudiandae recusandae cumque. Perferendis fuga expedita sit fugit.'),(41,'Et natus velit dolorum fuga vel hic. Maiores reprehenderit similique incidunt officia ea. Sint temporibus quos et vero quis eum.'),(42,'Iusto et est maxime ut omnis et ipsa. Recusandae illum rerum sunt. Enim non est ad voluptatem veritatis.'),(43,'Repellat officia eos nihil nam. Sint rerum voluptas eum nostrum quis.'),(44,'Praesentium animi ut et ullam debitis. Quia et impedit saepe fugiat reiciendis suscipit. Optio vel voluptatum expedita ab.'),(45,'Quia fugit sint minima ut neque cupiditate. Rerum similique non consectetur earum non consequuntur. Accusantium animi quibusdam fuga animi maxime.'),(46,'Cum autem eveniet amet blanditiis itaque. Voluptate amet sint culpa natus saepe dignissimos blanditiis officia. Quo adipisci dolor eligendi rerum nemo ab minus.'),(47,'Quas voluptatibus vel natus id consequatur illo. Magnam nihil et nobis itaque. Dolores accusantium molestiae maxime fugiat voluptas. Ipsam ducimus facere illum.'),(48,'Saepe quaerat praesentium delectus magni ut ea fuga. Debitis consequatur dolor in debitis quia velit sapiente. Sapiente et sed qui aut. Vel nesciunt rerum et voluptates est et quia.'),(49,'Voluptatibus laborum sint voluptatum veniam fuga. Occaecati aliquam est sequi est. Dolores rerum enim qui autem blanditiis. Sed corporis sed aut vero eligendi.'),(50,'Tempore dolor perferendis consequatur ratione omnis aut. Ex et omnis dolore provident. Occaecati debitis quaerat minima ad quae ab. Vitae exercitationem et et consequatur et ex.'),(51,'Sunt qui sit et deleniti dolore maiores qui. Nihil id ut hic quas alias inventore numquam et. Tempore rerum nostrum ad voluptatem et quisquam enim.'),(52,'Esse expedita nesciunt quibusdam dolorem omnis earum ea. Expedita quis nemo dignissimos. Molestiae enim fugit voluptas accusantium.'),(53,'Laboriosam velit facere in sint necessitatibus facilis voluptate. Soluta sed provident facere. Eum est rerum non numquam sed odit. Qui quia mollitia animi qui.'),(54,'Ut enim culpa ducimus ipsum ex. Fugit ut perferendis assumenda possimus nam et. Asperiores ex enim ratione recusandae possimus esse.'),(55,'Omnis a doloribus dolore aut fuga sapiente dolores. Excepturi saepe nobis reiciendis aut. Non quam sed ducimus quo. Possimus mollitia inventore laborum mollitia totam.'),(56,'Provident sed et dolores dolor rem rem quo. Earum odit nostrum illo autem hic est. Deserunt explicabo vel quia quos.'),(57,'Corporis aut perspiciatis error vel. Doloribus dolores et neque magni et. Ut exercitationem soluta id rerum consequatur iusto.'),(58,'Aperiam optio non architecto molestiae mollitia harum error voluptas. Necessitatibus reiciendis est molestiae. Doloremque nulla doloribus beatae minus aperiam iure quis.'),(59,'Dolore id dignissimos dolores cum. Fugiat voluptatem ut tempora dolor. Quidem voluptatem consequatur nobis maxime. Perspiciatis est quos provident et.'),(60,'Excepturi blanditiis repudiandae libero voluptatum. Harum molestias hic occaecati aut voluptatem. Possimus et in ut sit tempora. Officiis magnam sed delectus ipsam esse.'),(61,'Nulla eos quisquam necessitatibus ratione maiores et. Perspiciatis est et repellendus iure et. Dolores quae quod rerum assumenda maxime odio consequuntur. Non in at aut quibusdam incidunt.'),(62,'Aut veniam molestiae recusandae eveniet. Dicta unde optio quam molestias rem nulla. Aut unde non quidem nihil.'),(63,'Eum earum voluptatem odit non consectetur. Rem doloribus explicabo omnis culpa. Ut ducimus est harum iusto non veniam voluptatum.'),(64,'Facilis culpa sed enim natus voluptate. At vero occaecati accusantium dolores. Ea quae rerum quis aliquam. Illo possimus odit id vitae.'),(65,'Nemo sint iste odit consequatur nesciunt occaecati. Quis mollitia a qui fugiat. Quis nulla ut quos maxime velit velit possimus.'),(66,'Illo quia quibusdam similique aspernatur nihil consequatur natus. At omnis sit aut dolorem sit. Et quia consequatur fugit accusantium eos et. Adipisci quia iure ratione rem rerum dolor.'),(67,'Sint reprehenderit vero consequuntur voluptatem ut voluptates. Voluptatem harum tempore consequatur accusamus saepe. Qui aut eum iure quia sit quas.'),(68,'Ducimus iste aut non aut eligendi voluptas qui. Eum cumque mollitia et cum. Doloribus nostrum laudantium totam sint. Deleniti sit est magni quam error consequuntur ipsam.'),(69,'Id aliquam voluptatibus recusandae minima asperiores quos. Iusto odio sunt fugiat esse quas omnis. Sit ea qui et libero totam error ipsa. Iusto vel asperiores consequatur.'),(70,'Ullam aut aut non sapiente dolor aut modi. Est similique mollitia et id excepturi. Sed voluptates at non reprehenderit omnis deserunt. Reiciendis et est fuga autem rerum dolores.'),(71,'Veniam incidunt est aut qui libero. Eum aperiam maxime repellat. Iusto a aliquam est magnam tempora nihil commodi.'),(72,'Aut quos sit autem rerum nemo. Aut deleniti repellendus et suscipit quia pariatur. Sed incidunt consectetur itaque labore corporis cumque. Cum minima sit commodi sit molestiae assumenda in.'),(73,'Autem atque ducimus vel doloremque sit voluptatum commodi. Eos ut laudantium aliquam culpa harum. Numquam ut atque vel ad adipisci totam asperiores. Explicabo consectetur et esse et quidem qui et.'),(74,'Hic tempora ipsum ipsa suscipit error ut. Aut beatae vero perspiciatis consequuntur. Omnis dolor id illum enim. Accusantium enim autem tenetur iusto ut provident aut.'),(75,'Enim laboriosam earum ut. Nemo nihil perspiciatis illum consequatur consequatur saepe rem. Voluptas rem id consequuntur aut impedit. At totam quod rerum quod sed delectus laborum.'),(76,'Optio sint et quia. Voluptas maiores sint provident ipsa cupiditate. Commodi nisi voluptates tempora et vero. Nam dicta sit modi iste provident delectus. Et neque maiores et enim culpa et.'),(77,'Nostrum a non hic ipsum quod soluta. Accusamus error minus blanditiis et dolor ratione. Beatae qui possimus earum perferendis.'),(78,'Qui rem iure et non eaque. Perferendis sunt et blanditiis dolores dolorem commodi asperiores fugiat. Vitae esse omnis blanditiis porro et. Nihil rerum corporis aut incidunt dolore qui beatae.'),(79,'Officia non et est velit. Veritatis facilis alias labore aut. Ut rerum vel voluptates autem perferendis aut ratione.'),(80,'Fuga sint officiis qui rerum. Eveniet qui deserunt totam. Eaque dicta sint est modi et sed. Quae dolores tempora sed aliquid qui id adipisci.'),(81,'Quia quod perspiciatis saepe fugit inventore quis. Dolor ut dolorem itaque sunt. Molestiae neque vel labore repellat qui ducimus harum. Eum sunt earum est vero sit aut necessitatibus.'),(82,'Officiis est magnam omnis maxime. Exercitationem magnam et incidunt beatae. Occaecati blanditiis aut odit sed. Asperiores itaque aperiam est occaecati velit.'),(83,'Placeat accusantium unde qui sit ex iusto. Dolorem magni illum ad possimus. Tempore mollitia eos aliquid qui illum adipisci amet. Quas suscipit similique iusto quis aut est sint.'),(84,'Et nihil sunt quas alias voluptatem. Eaque voluptas est et sit nobis vero et. Blanditiis molestiae qui nam facilis. Aut rerum repudiandae quis recusandae voluptas neque voluptatem.'),(85,'Beatae impedit ducimus inventore perferendis adipisci quasi delectus. Et laborum inventore accusantium velit veniam. Culpa maiores ducimus consequatur assumenda.'),(86,'Doloremque consequatur iste repudiandae. Nihil et aliquam repellendus. Ad reprehenderit esse repellendus fuga sit itaque.'),(87,'In et qui totam reiciendis sed. Ipsam explicabo magnam fuga eaque non tempore. Totam id in et aperiam unde ut.'),(88,'Aut recusandae temporibus aut magni est. Mollitia sed aut consequatur laudantium maxime ratione est.'),(89,'Quaerat et at numquam animi quod. Qui hic voluptatibus voluptas consequatur. Amet id deleniti occaecati accusantium eum numquam nobis.'),(90,'Ducimus soluta id quia quo ut et et. Minima vitae velit porro eius minus et consequatur. Quae neque porro laborum blanditiis et.'),(91,'Labore sit saepe fuga minima. Libero voluptates maiores in voluptatem quia eum.'),(92,'Voluptatibus quae ex mollitia ipsum sapiente. Minus eos reiciendis ratione maxime voluptate et qui.'),(93,'Ducimus dolores velit est quia. Quibusdam ea quo deleniti officiis. Voluptates sed dolor molestiae inventore. Ea ad dolorum quod numquam aliquam.'),(94,'Distinctio qui atque quae. Odit nihil fugiat quam ut ad maiores. Qui placeat magnam et consequatur ratione quis omnis possimus. Aut maiores dolorem aut qui est. Et qui possimus consequatur sit.'),(95,'Et sint ut ipsum quidem et. Non error iure voluptatum mollitia. Voluptatum eum quia maiores culpa pariatur dolorem.'),(96,'Aut fugit porro incidunt. Ut facilis molestiae ullam ipsam. Excepturi enim at voluptatibus repellendus eos sequi expedita.'),(97,'Tempore non deserunt provident suscipit earum ut odio. Eos recusandae veniam nam. Animi aliquam cum non autem ullam. Laborum quia nobis quisquam labore odit sit beatae.'),(98,'Quis aut natus repellat assumenda voluptas iure incidunt alias. Dolor delectus accusantium voluptas omnis doloremque.'),(99,'Eligendi ea soluta sunt debitis. Iusto harum ratione maxime magnam nemo eaque qui optio.'),(100,'Recusandae et voluptas voluptas beatae est a. Maxime illum dicta vel quod est. Reprehenderit ex ipsam quia quaerat mollitia. Quam magni et voluptatem enim.');
/*!40000 ALTER TABLE `product_descriptions` ENABLE KEYS */;
UNLOCK TABLES;

--
-- Table structure for table `products`
--

DROP TABLE IF EXISTS `products`;
/*!40101 SET @saved_cs_client     = @@character_set_client */;
/*!50503 SET character_set_client = utf8mb4 */;
CREATE TABLE `products` (
  `id` int unsigned NOT NULL,
  `name` varchar(100) CHARACTER SET utf8 COLLATE utf8_unicode_ci NOT NULL COMMENT 'Название товара',
  `description_id` int unsigned DEFAULT NULL,
  `category_id` int unsigned NOT NULL,
  `manufacturer_id` int unsigned DEFAULT NULL,
  `qty` mediumint unsigned DEFAULT NULL COMMENT 'Количество товара',
  `price` decimal(8,2) DEFAULT NULL COMMENT 'Цена',
  `created_at` datetime DEFAULT CURRENT_TIMESTAMP,
  `updated_at` datetime DEFAULT CURRENT_TIMESTAMP ON UPDATE CURRENT_TIMESTAMP,
  PRIMARY KEY (`id`),
  KEY `products_name_idx` (`name`),
  KEY `products_description_id_fk` (`description_id`),
  KEY `products_category_id_fk` (`category_id`),
  KEY `products_manufacturer_id_fk` (`manufacturer_id`),
  CONSTRAINT `products_category_id_fk` FOREIGN KEY (`category_id`) REFERENCES `categories` (`id`) ON DELETE CASCADE,
  CONSTRAINT `products_description_id_fk` FOREIGN KEY (`description_id`) REFERENCES `product_descriptions` (`id`) ON DELETE SET NULL,
  CONSTRAINT `products_manufacturer_id_fk` FOREIGN KEY (`manufacturer_id`) REFERENCES `manufacturers` (`id`) ON DELETE SET NULL
) ENGINE=InnoDB DEFAULT CHARSET=utf8 COLLATE=utf8_unicode_ci COMMENT='Товары';
/*!40101 SET character_set_client = @saved_cs_client */;

--
-- Dumping data for table `products`
--

LOCK TABLES `products` WRITE;
/*!40000 ALTER TABLE `products` DISABLE KEYS */;
INSERT INTO `products` VALUES (1,'omnis',1,1,1,0,0.00,'2013-05-06 10:05:32','2020-09-03 21:41:09'),(2,'consequatur',2,2,2,394379,3.70,'2017-07-02 18:29:33','2018-10-18 13:18:10'),(3,'sunt',3,3,3,48,999999.99,'2014-06-08 14:06:05','2016-01-07 09:29:46'),(4,'qui',4,4,4,71584,7237.99,'2011-02-10 23:25:39','2019-06-09 17:09:31'),(5,'dolore',5,5,5,40,502.52,'2011-03-30 15:59:20','2020-07-29 18:18:48'),(6,'expedita',6,6,6,9,98162.36,'2013-10-31 13:03:01','2014-04-16 06:18:10'),(7,'quia',7,7,7,78766,999999.99,'2013-04-03 07:08:04','2015-07-12 23:17:21'),(8,'fuga',8,8,8,9,195648.33,'2017-12-02 01:09:25','2018-07-23 05:31:56'),(9,'molestiae',9,9,9,9,2825.93,'2017-02-26 19:39:57','2014-03-12 11:48:53'),(10,'unde',10,10,10,16777215,40136.49,'2019-04-10 02:52:54','2017-09-30 17:53:13'),(11,'cupiditate',11,11,11,264,115.90,'2013-10-14 06:57:47','2017-11-13 06:51:19'),(12,'et',12,12,12,26921,597.78,'2014-05-19 09:47:16','2012-10-12 06:46:30'),(13,'sed',13,13,13,4527,3848.22,'2014-09-11 18:14:21','2015-11-24 18:47:22'),(14,'esse',14,14,14,16777215,0.00,'2013-06-09 10:35:13','2018-03-24 00:23:45'),(15,'dolorem',15,15,15,220371,4.87,'2011-08-31 10:00:36','2016-11-02 08:23:08'),(16,'voluptas',16,16,16,595426,54.08,'2017-09-10 00:48:36','2019-06-10 04:12:52'),(17,'quibusdam',17,17,17,61,0.35,'2018-09-09 02:29:15','2018-07-10 06:27:28'),(18,'fuga',18,18,18,3986,999999.99,'2012-01-18 15:08:13','2014-12-09 10:00:38'),(19,'distinctio',19,19,19,5343704,551.19,'2011-07-14 07:59:26','2020-07-02 13:46:32'),(20,'neque',20,20,20,51412,27485.67,'2017-11-03 19:02:02','2012-11-21 21:42:25'),(21,'esse',21,1,21,5725,50.78,'2019-11-05 06:41:35','2016-01-03 07:55:17'),(22,'soluta',22,2,22,281824,0.00,'2019-12-05 18:42:28','2016-06-06 22:20:51'),(23,'deserunt',23,3,23,16777215,496.60,'2013-12-23 12:21:25','2018-11-17 13:53:37'),(24,'harum',24,4,24,21407,2582.17,'2020-01-09 17:15:51','2014-12-25 11:37:59'),(25,'saepe',25,5,25,10,0.00,'2020-08-10 04:28:51','2011-08-25 21:39:22'),(26,'aspernatur',26,6,26,26,5005.96,'2013-03-18 21:17:26','2012-07-23 05:07:18'),(27,'quis',27,7,27,147,25390.46,'2013-12-02 17:49:26','2015-07-12 19:04:10'),(28,'similique',28,8,28,82273,1260.70,'2019-04-06 11:51:41','2020-03-06 03:15:40'),(29,'dignissimos',29,9,29,5909077,53788.65,'2020-01-22 23:51:01','2013-05-20 15:46:16'),(30,'dicta',30,10,30,50,416.22,'2018-10-29 20:58:42','2015-10-29 02:21:03'),(31,'rerum',31,11,31,180689,29387.84,'2011-11-20 05:09:09','2013-07-13 23:28:09'),(32,'veritatis',32,12,32,547,1430.11,'2018-07-19 20:20:17','2015-02-14 07:03:03'),(33,'ea',33,13,33,22750,11790.28,'2018-11-03 21:36:28','2014-09-17 22:28:22'),(34,'illum',34,14,34,100,999999.99,'2015-03-22 12:16:30','2011-09-27 17:32:12'),(35,'earum',35,15,35,16777215,0.00,'2013-05-28 08:33:44','2011-07-01 01:55:18'),(36,'molestias',36,16,36,495,0.00,'2016-05-24 19:46:22','2017-08-17 04:35:03'),(37,'et',37,17,37,4119,5.91,'2017-10-29 02:27:01','2013-10-07 04:20:10'),(38,'itaque',38,18,38,1324098,999999.99,'2020-09-28 05:23:46','2020-06-15 05:25:13'),(39,'sed',39,19,39,684864,63987.80,'2016-01-07 22:41:43','2013-03-25 03:53:06'),(40,'similique',40,20,40,93,19.15,'2015-08-10 23:49:05','2019-10-14 01:01:20'),(41,'corrupti',41,1,1,839,915960.69,'2011-08-30 01:30:39','2014-08-23 05:45:20'),(42,'eum',42,2,2,550821,999999.99,'2011-04-22 23:58:37','2011-11-01 00:34:00'),(43,'est',43,3,3,626858,0.00,'2017-05-31 10:32:20','2015-01-18 14:39:20'),(44,'eaque',44,4,4,5398,999999.99,'2020-09-14 03:11:25','2011-10-17 22:43:16'),(45,'perspiciatis',45,5,5,8668403,999999.99,'2017-03-07 23:32:19','2015-05-30 21:23:25'),(46,'blanditiis',46,6,6,0,9.55,'2020-07-04 11:18:18','2014-04-08 17:27:17'),(47,'quos',47,7,7,5,59.13,'2019-11-28 12:41:30','2018-06-29 00:09:34'),(48,'accusamus',48,8,8,786,999999.99,'2015-10-16 08:19:46','2018-03-11 18:59:41'),(49,'fugit',49,9,9,8223,999999.99,'2014-12-13 21:37:42','2011-08-24 06:24:46'),(50,'beatae',50,10,10,4722,6750.83,'2019-12-28 12:58:13','2016-04-07 09:11:23'),(51,'delectus',51,11,11,37,59.35,'2017-07-16 19:22:43','2020-04-30 10:22:45'),(52,'ullam',52,12,12,16777215,9.01,'2013-05-17 15:41:12','2014-04-29 01:01:33'),(53,'animi',53,13,13,16777215,19.95,'2013-04-08 04:50:10','2017-02-06 07:57:26'),(54,'ad',54,14,14,598,19185.10,'2013-02-01 01:16:27','2019-11-26 00:21:30'),(55,'natus',55,15,15,16777215,999999.99,'2015-12-07 03:21:05','2012-10-13 01:23:31'),(56,'repellendus',56,16,16,7186998,72812.00,'2018-10-10 21:37:44','2017-02-15 06:24:07'),(57,'ut',57,17,17,1434,4746.58,'2015-11-19 19:48:53','2017-04-26 14:34:45'),(58,'sed',58,18,18,6,33465.00,'2018-08-21 15:24:13','2018-03-31 14:28:41'),(59,'et',59,19,19,76571,0.00,'2013-02-13 04:04:52','2015-01-06 13:32:52'),(60,'iste',60,20,20,3682,3.99,'2011-06-02 21:48:24','2016-11-09 13:32:12'),(61,'cumque',61,1,21,9915012,3.00,'2013-05-19 07:46:19','2015-12-26 11:30:58'),(62,'impedit',62,2,22,16777215,10.61,'2019-09-23 06:35:34','2017-10-04 22:00:29'),(63,'quia',63,3,23,5875692,331492.02,'2013-02-10 17:42:54','2012-05-25 13:12:09'),(64,'sequi',64,4,24,815845,104290.79,'2013-07-30 18:22:35','2015-03-21 05:51:18'),(65,'ut',65,5,25,519409,194.10,'2015-01-08 17:23:11','2018-06-04 10:58:54'),(66,'nobis',66,6,26,10599,30728.10,'2016-10-12 15:29:54','2012-09-20 20:20:13'),(67,'est',67,7,27,83,0.00,'2017-05-09 23:30:42','2019-03-11 16:21:19'),(68,'sequi',68,8,28,31362,999999.99,'2015-05-31 17:16:07','2017-08-08 05:39:08'),(69,'reiciendis',69,9,29,98,0.00,'2012-07-10 09:39:17','2019-08-17 00:08:11'),(70,'ab',70,10,30,16777215,5.83,'2014-01-14 11:44:15','2013-01-30 02:44:56'),(71,'voluptatem',71,11,31,9123,0.00,'2016-06-14 22:35:07','2017-11-01 08:53:04'),(72,'natus',72,12,32,16777215,999999.99,'2017-09-12 09:38:16','2013-12-06 09:33:38'),(73,'fuga',73,13,33,0,999999.99,'2019-07-19 10:51:23','2013-08-03 23:29:05'),(74,'occaecati',74,14,34,21,999999.99,'2012-06-24 01:51:01','2011-01-29 06:35:12'),(75,'sint',75,15,35,16777215,0.00,'2019-04-10 17:58:43','2013-04-11 10:41:11'),(76,'eos',76,16,36,6832786,16.73,'2015-01-05 09:56:54','2011-03-01 17:18:59'),(77,'quod',77,17,37,941041,1.00,'2015-11-19 17:07:23','2016-07-04 12:49:39'),(78,'enim',78,18,38,16777215,20639.44,'2014-11-20 10:18:07','2014-08-10 12:10:36'),(79,'ut',79,19,39,16777215,999999.99,'2019-02-26 13:00:43','2011-02-05 05:25:40'),(80,'totam',80,20,40,3,999999.99,'2017-07-27 00:04:12','2013-11-04 05:02:01'),(81,'iusto',81,1,1,8055,999999.99,'2019-02-20 20:02:34','2018-06-16 09:44:41'),(82,'in',82,2,2,0,6.90,'2012-11-19 02:54:41','2010-10-28 07:02:42'),(83,'et',83,3,3,203,999999.99,'2011-04-08 19:02:00','2012-01-21 23:45:33'),(84,'doloremque',84,4,4,55128,0.00,'2017-12-20 12:00:53','2015-04-17 13:28:17'),(85,'accusantium',85,5,5,16777215,0.00,'2017-11-22 15:59:16','2016-04-15 17:55:08'),(86,'quos',86,6,6,11130,51051.70,'2011-03-16 05:20:25','2019-10-03 03:07:21'),(87,'laudantium',87,7,7,554,1.60,'2011-06-10 03:09:54','2011-01-12 18:45:48'),(88,'qui',88,8,8,16777215,354.00,'2012-09-06 03:35:41','2019-07-23 23:37:31'),(89,'quaerat',89,9,9,64980,999999.99,'2018-07-11 10:05:31','2015-10-31 16:01:00'),(90,'quam',90,10,10,9083289,329.00,'2017-08-10 16:18:15','2016-04-17 02:07:53'),(91,'nam',91,11,11,64,999999.99,'2013-09-03 20:54:34','2017-05-11 23:27:19'),(92,'laborum',92,12,12,83,999999.99,'2017-08-18 12:32:42','2015-05-10 05:14:06'),(93,'ut',93,13,13,19492,15820.47,'2020-09-22 21:23:45','2011-03-13 03:03:48'),(94,'in',94,14,14,87953,0.00,'2016-12-30 15:24:59','2020-05-16 18:28:32'),(95,'dolores',95,15,15,53982,24997.72,'2019-01-22 08:16:28','2018-12-30 16:42:27'),(96,'ea',96,16,16,16777215,2.51,'2017-09-15 05:31:16','2015-01-06 20:43:29'),(97,'quo',97,17,17,4833,42224.59,'2012-07-12 18:14:19','2020-09-06 03:03:35'),(98,'placeat',98,18,18,1388725,69623.08,'2014-06-29 12:50:33','2020-05-07 08:13:44'),(99,'eius',99,19,19,0,3.17,'2014-09-14 00:47:32','2014-05-31 02:31:53'),(100,'earum',100,20,20,41,569.04,'2015-04-18 14:57:01','2012-10-08 13:42:27');
/*!40000 ALTER TABLE `products` ENABLE KEYS */;
UNLOCK TABLES;

--
-- Temporary view structure for view `products_for_delivery`
--

DROP TABLE IF EXISTS `products_for_delivery`;
/*!50001 DROP VIEW IF EXISTS `products_for_delivery`*/;
SET @saved_cs_client     = @@character_set_client;
/*!50503 SET character_set_client = utf8mb4 */;
/*!50001 CREATE VIEW `products_for_delivery` AS SELECT 
 1 AS `name`,
 1 AS `tracking_number`,
 1 AS `delivery_date`*/;
SET character_set_client = @saved_cs_client;

--
-- Final view structure for view `clients_20_40`
--

/*!50001 DROP VIEW IF EXISTS `clients_20_40`*/;
/*!50001 SET @saved_cs_client          = @@character_set_client */;
/*!50001 SET @saved_cs_results         = @@character_set_results */;
/*!50001 SET @saved_col_connection     = @@collation_connection */;
/*!50001 SET character_set_client      = utf8mb4 */;
/*!50001 SET character_set_results     = utf8mb4 */;
/*!50001 SET collation_connection      = utf8mb4_0900_ai_ci */;
/*!50001 CREATE ALGORITHM=UNDEFINED */
/*!50013 DEFINER=`root`@`localhost` SQL SECURITY DEFINER */
/*!50001 VIEW `clients_20_40` AS select `clients`.`first_name` AS `first_name`,`clients`.`last_name` AS `last_name`,`clients`.`email` AS `email` from `clients` where (((year(now()) - year(`clients`.`birthday`)) between 20 and 40) and (`clients`.`organisation` = 0)) order by `clients`.`last_name` */;
/*!50001 SET character_set_client      = @saved_cs_client */;
/*!50001 SET character_set_results     = @saved_cs_results */;
/*!50001 SET collation_connection      = @saved_col_connection */;

--
-- Final view structure for view `orders_cost_last_month`
--

/*!50001 DROP VIEW IF EXISTS `orders_cost_last_month`*/;
/*!50001 SET @saved_cs_client          = @@character_set_client */;
/*!50001 SET @saved_cs_results         = @@character_set_results */;
/*!50001 SET @saved_col_connection     = @@collation_connection */;
/*!50001 SET character_set_client      = utf8mb4 */;
/*!50001 SET character_set_results     = utf8mb4 */;
/*!50001 SET collation_connection      = utf8mb4_0900_ai_ci */;
/*!50001 CREATE ALGORITHM=UNDEFINED */
/*!50013 DEFINER=`root`@`localhost` SQL SECURITY DEFINER */
/*!50001 VIEW `orders_cost_last_month` AS select sum(`orders`.`cost`) AS `SUM(cost)` from `orders` where ((to_days(now()) - to_days(`orders`.`created_at`)) <= 30) */;
/*!50001 SET character_set_client      = @saved_cs_client */;
/*!50001 SET character_set_results     = @saved_cs_results */;
/*!50001 SET collation_connection      = @saved_col_connection */;

--
-- Final view structure for view `products_for_delivery`
--

/*!50001 DROP VIEW IF EXISTS `products_for_delivery`*/;
/*!50001 SET @saved_cs_client          = @@character_set_client */;
/*!50001 SET @saved_cs_results         = @@character_set_results */;
/*!50001 SET @saved_col_connection     = @@collation_connection */;
/*!50001 SET character_set_client      = utf8mb4 */;
/*!50001 SET character_set_results     = utf8mb4 */;
/*!50001 SET collation_connection      = utf8mb4_0900_ai_ci */;
/*!50001 CREATE ALGORITHM=UNDEFINED */
/*!50013 DEFINER=`root`@`localhost` SQL SECURITY DEFINER */
/*!50001 VIEW `products_for_delivery` AS select distinct `products`.`name` AS `name`,`deliveries`.`tracking_number` AS `tracking_number`,`deliveries`.`delivery_date` AS `delivery_date` from ((`products` join `order_items` on((`order_items`.`product_id` = `products`.`id`))) join `deliveries` on((`deliveries`.`order_id` = `order_items`.`order_id`))) order by `products`.`name` */;
/*!50001 SET character_set_client      = @saved_cs_client */;
/*!50001 SET character_set_results     = @saved_cs_results */;
/*!50001 SET collation_connection      = @saved_col_connection */;
/*!40103 SET TIME_ZONE=@OLD_TIME_ZONE */;

/*!40101 SET SQL_MODE=@OLD_SQL_MODE */;
/*!40014 SET FOREIGN_KEY_CHECKS=@OLD_FOREIGN_KEY_CHECKS */;
/*!40014 SET UNIQUE_CHECKS=@OLD_UNIQUE_CHECKS */;
/*!40101 SET CHARACTER_SET_CLIENT=@OLD_CHARACTER_SET_CLIENT */;
/*!40101 SET CHARACTER_SET_RESULTS=@OLD_CHARACTER_SET_RESULTS */;
/*!40101 SET COLLATION_CONNECTION=@OLD_COLLATION_CONNECTION */;
/*!40111 SET SQL_NOTES=@OLD_SQL_NOTES */;

-- Dump completed on 2020-10-12 16:55:49
